Votre âge,Sexe,Etat civil,Niveau d'étude,Etablissement d'études,Situation professionnelle,Région,Domaine d'études,Q1 : Qu'est-ce qui vous ferait rester en Tunisie ?,Q2 : Quel salaire vous fera rester en Tunisie ?,Q3 : Qu'est-ce qui encouragerait les étrangers à venir en Tunisie ?,Q4 : Qu'est-ce qui vous ferait partir à l'étranger ? ,Q5 : Quelle est la différence au point de vue social entre la Tunisie et l'étranger ?,Q6 : Quelle est la différence au point de vue professionnel entre la Tunisie et l'étranger ? 
20-25,Femme,Célibataire,Ingénieur,INSAT,Etudiant,Grand Tunis,Sciences de l'Ingénieur,"mes études, ma famille et mon entourage",2000,le tourisme ,la volonté de faire de l’expérience et de faire de l'argent,A l'étranger on trouve plus de respect.,A l'étranger ils payent plus et ils sont plus sérieux au travail.
20-25,Homme,Célibataire,Ingénieur,ENIT,Etudiant,Grand Tunis,Sciences de l'Ingénieur,Rien,2000,Réputation,Niveau de conscience populaire ,La valeur d homme,Recherche
26-30,Femme,Célibataire,Mastère,ESAD,Fonctionnaire,Grand Tunis,Artistique,La mentalité,2000 dinars,la sécurité,l'argent,la tolérance ,la motivation
31 et plus,Homme,Marié,Licence,FST,Fonctionnaire,Grand Tunis,Sciences de l'Ingénieur,Qualité de vie,3500,"Pour un investisseur, la rémunération des employés tunisien est un facteur encourageant",L'expérience + le salaire,La mentalité sur le niveau professionnel et social ainsi que le niveau de vie,"À l'étranger, les expériences sont plus interessantes ainsi que les salaires"
20-25,Femme,Célibataire,Mastère,Faculté des Sciences Humaines et Sociales de Tunis,Fonctionnaire,Grand Tunis,Sciences humaines et sociales,Une bonne ambiance de travail ,2000 dinars ,"Les bonnes conditions climatiques, la convivialité des tunisiens, ","Des fourchettes salariales plus importantes et des privilèges au travail, stabilité financière ",Une meilleure parité en matière de compétence,"T es payé pour ta compétence, les plafonds de salaire diffèrent "
26-30,Femme,Célibataire,Ingénieur,ESSAI,Fonctionnaire,Grand Tunis,Sciences de l'Ingénieur,La famille,1600,la sécurité et ne pas payer les impôts voire faibles,une nouvelle expérience et opportunité ,la sécurité ,salaire et environnement de travail
26-30,Femme,Marié,Ingénieur,ISAMM,Fonctionnaire,Grand Tunis,Informatique,Ma famille,2500,Tourisme,L'argent et la stabilité,la famille,L'argent
20-25,Homme,Célibataire,Mastère,UTC,Etudiant,Grand Tunis,Architecture ,La famille ,aucun ,"la main d'oeuvre à bas coût, la fiscalité avantageuse ","le manque d'opportunités et d'environnement épanouissant , le salaire dérisoire que je toucherai en Tunisie. ","Tout dépend de ce que l'on veut dire par ""à l’étranger"". la question est trop vague.","Tout dépend de ce que l'on veut dire par ""à l’étranger"". la question est trop vague."
20-25,Homme,Célibataire,Licence,Autre ,Etudiant,Grand Tunis,Economie et gestion,Rien,30 000 dt,Tourisme ,Mode de vie quotidienne ,Mentalité ,Respect 
20-25,Femme,Célibataire,Ingénieur,FST,Etudiant,Grand Tunis,Sciences de l'Ingénieur,Un très bon salaire dans une grande boîte de développement,4000,Je pense que rien du tout,Un bon poste dans un joli pays,La diversité culturelle à l'étranger ,Le sérieux et le professionnalisme
20-25,Homme,Célibataire,Licence,FSB,Etudiant,Autre,Sciences de l'informatique,Des opportunités de travail,+2000dt,La sécurité,plus d'opportunités inexistantesen Tunisie.,L'ouverture d'esprit,La sous-estimation du potentiel
20-25,Homme,Célibataire,Ingénieur,Sup'Com ,Fonctionnaire,Autre,Sciences de l'Ingénieur,La famille ,Min 1500 dt,Rien,Tout,Incomparables ,Incomparables 
20-25,Homme,Célibataire,Ingénieur,INSAT,Etudiant,Autre,Sciences de l'Ingénieur,Avoir le respect et les moyen qu’on mérite.,Cela dépend du poste.,"Main d’œuvre pas cher, des avantages fiscaux ",La possibilité d’avoir une carrière internationale et la presence de spécialité et de compétence abscente en Tunisie ,"Le respect de l’art, la culture et l’éducation ",Les moyens financiers investis.
20-25,Femme,Célibataire,Ingénieur,FST,Etudiant,Grand Tunis,Médecine,"family and friends , leaving them is the hardest part I guess","no salary , I am determined to leave ","sight seeing , good food , clean places ","freedom , people open mentality , good living conditions , knowing your real worth ",les mentalités !! ,moins de chômage à l’étranger   
20-25,Homme,Célibataire,Licence,CFT,Etudiant,Grand Tunis,Informatique,L'éspoir,900,"Bon, je serai pas d'accord sur ce point si il y a une volontée nationale",Les codes d'étiques,Le respect et la dignité,L'assiduité
31 et plus,Homme,Célibataire,Mastère,ESSTT (ENSIT),Fonctionnaire,Autre,Sciences de l'Ingénieur,l'espoir de réussir en passant à l'entrepreunariat,+5000dt,"sa belle mer, sa nature, son climat, sa proximité à tout, sa joie de vivre",prospecter des marchés internationaux pour mes futurs produits ou services,"la discipline, le respect de l'autre, la dignité, le civisme, le patriotisme (tout ce que je viens de citer est manquant en Tunisie)","En Tunisie, l'état détruit les industries manufacturières au profit des franchiseurs de marques étrangères. à l'étranger, les états soutiennent leurs industries manufacturières pour qu'ils se développent ailleurs."
20-25,Femme,Célibataire,Ingénieur,INSAT,Fonctionnaire,Grand Tunis,Sciences de l'Ingénieur,"Famille, contribuer au developpement",1 500 dt ,Sécurité _ éthique,"Organisation, éthique, respect","Éthique, mentalité, ","Respect, travail de groupe.."
20-25,Homme,Célibataire,Ingénieur,ESSAI,Fonctionnaire,Grand Tunis,Sciences de l'Ingénieur,le travail,à partir de 4000 DT,Le tourisme,les opportunités de travail,le salaire,les relations entre l'employé et l'employeur
20-25,Homme,Célibataire,Licence,FSB,Fonctionnaire,Grand Tunis,Science informatique ,rien,2000,salaire en euros,salaire ,tous,technologie avancéée a l'etranger 
20-25,Homme,Célibataire,Ingénieur,ESSAI,Etudiant,Autre,Statistique et Analyse de l'information ,Vivre auprès de la  famille ,2000,Rythme de vie moins pressé et les relations humaines sont plus développées,"La situation économique et politique non stable du pays
La corruption ",Les relations humaines et L'esprit de groupe sont plus développés en Tunisie ,Professionnalisme
20-25,Homme,Célibataire,Licence,FST,Etudiant,Grand Tunis,Chimie,un bon travail ou la reussite d'un projet personnel ,2000dt ou plus ,la main d'oeuvre pas cher ,un contrat de travail ,la mentalité diffère et en Tunisie il existe une crise identitaire ,L’intégrité est quasi inexistante en Tunisie dans la plus part des domaines 
20-25,Homme,Célibataire,Ingénieur,ESSAI,Etudiant,Grand Tunis,statistique et analyse de l'information,La sécurité ,2000 +,pour le moment y a rien,"la mentalité , la propreté , la sécurité ...",la mentalité ,"le professionnalisme bien évidemment , la culture du travail "
20-25,Femme,Célibataire,Ingénieur,FST,Etudiant,Grand Tunis,Sciences de l'Ingénieur,Ma famille ,4000 DT ,La beauté du pays ..le climat aussi ..,"Les conditions d'étude ..le niveau, l administration honteuse ,le transport ....","+++ Mentalité , le niveau de vie ,et même le mode de vie ","Ponctualité , respect , la valorisation de l'intervention des femmes...+ d'opportunité de travail ..+salaire ..conditions de travail qui ne refletent que la motivation .. La surveillance ..le contrôle ..ce qui engendre le sérieux l'assiduité ..."
20-25,Homme,Célibataire,Ingénieur,ESPRIT,Etudiant,Grand Tunis,Sciences de l'Ingénieur,La possibilité d'investir dans des marchés pas encore exploités en Tunisie,6000dt,Réponse à Q1 + C'est pas vraiment une très mauvaise idée de vivre en Tunisie si on est riche,Meilleur qualité de vie - Sécurité,Plus de liberté à l'étranger pour faire ses choix sans être jugé,Le professionnalisme
20-25,Femme,Célibataire,Licence,ESC Tunis,Etudiant,Grand Tunis,Economie et gestion,My Love for this country & My own Start-Up !,6 000 DT ,"Le Soleil, les beaux paysages, la facilité d'investissement ...","La Qualité d'Education, La Qualité de Vie, Le Respect etc...",Ceci dépend du pays en question avec lequel on compare la société Tunisienne qui est très diversifier.,La corruption existe partout mais malheureusement celle-ci domine dans notre pays... 
20-25,Homme,Célibataire,Ingénieur,FST,en chômage,Autre,Sciences de l'Ingénieur,Jimie hendrix... rhcp .. Nick johnston...,999999999999999999,Famma hatta sabab ijiw yitfarjo w yidhahko alina w irawho,Money money money and california ,L nes taarf kife t3ish ,Tunisie shaabha mokho mlahhim w msattik tastika bagri felhin ken f smaan ala w castro w ma i3aytolo bel rap w m1 fi mokho ken calson  taa mariem l dabegh shaab tones yaarfsh kife i3ish hyeto w nos shaab tones specialement l rjel keno inajmo yaamlo population jdyda f tones ti ayy rajel ken inajjim ikon adem 2.0 (adem rajil hawwa.. first human in earth) w edha lkol fyn f el toilette taa darhom w howwa yitfarrij f mia khalifa wala yitfarrij f mariem dabbegh so shaab tones meshi ala roho... we need to stand up really
20-25,Homme,Célibataire,Ingénieur,ult,Etudiant,Grand Tunis,Sciences de l'Ingénieur,amélioration du niveau de vie et développement économique,4000 Dinar,exploitation de l'environnement,connaitre de nouvelles cultures ,"la stabilité, niveau de vie , culture , maturité  , etc ....",le professionnalisme
20-25,Femme,Célibataire,Ingénieur,INAT,Etudiant,Autre,Sciences de l'Ingénieur,J'aime mon pays et je suis très attachée à ma famille,1 600 dt,Investissent dans l'agriculture surtout et aussi nos ressources naturelles qu'on en profite pas. ,"Les gens avec des compétences sont très bien payés. Même pour les stagiaires, ils valorisent leurs travaux, ils les poussent et les encouragent avec un salaire respectueux.","Ils ont un niveau de vie beaucoup plus mieux que le notre, ils ont l'air d'être indifférents de tous ce qui se passe dans ta vie, sont des gens civilisés et ceci se voit même ddans leurs poubelles à rejet selectif. C'est vrai que ça semble attractif.. mais pas pour moi. Je pense qu'on est capables d'être mieux aussi. Les tunisiens là-bas mettent le plastique dans les corbeilles de recyclage, ici ils le jettent en mer près de 5m de la poubelles. Il ya pas donc une différence à l'échelle sociale, mais plutôt dans les esprits des gens.","Le domaine de biologie marine, ressources halieutiques et environnement que j'étudie maintenant est plus valorisé et respectueux à l'étranger. "
20-25,Homme,Célibataire,Ingénieur,INSAT,Etudiant,Grand Tunis,Sciences de l'Ingénieur,J'aime mon pays ,"1,500",Le climat,Le salaire,Niveau de vie ,à l'étranger: environnement de travail motivant
20-25,Homme,Célibataire,Licence,Columbia University,Etudiant,Autre,Sciences humaines et sociales,La famille ,"10,000 DT/mois",Le soleil,Meilleure education,La Tunisie pourrait devenir un peu plus tolérante.,Le travail est plus complexe dans certains domaines à l'étranger (La finance)
20-25,Femme,Marié,Ingénieur,INSAT,Etudiant,Autre,Sciences de l'Ingénieur,Ma famille,2000dt,La plage et le climat,Regroupement familial,A l'étranger les gens sont plus sociaux et font bien la bienvenue,L'étranger est plus travailleux
20-25,Femme,Célibataire,Ingénieur,INSAT,Etudiant,Grand Tunis,Sciences de l'Ingénieur,"identité et sens d'appartenance, famille",2000 dinars ," les paysages variés , mains d'oeuvre non coûteuse",Mettre sur pied un réseau dans un pays étranger développera mes compétences et la confiance nécessaire pour tisser des liens professionnels une fois de retour chez moi.,Les Tunisiens sont plus chaleureux que les gens à étrangers,à l'étranger les employeurs sont payés selon la valeur ajouté qu'il fournissent à l'entreprise contrairement qu'on Tunisie les salaires sont beaucoup sous estimés  
20-25,Homme,Célibataire,Ingénieur,ESPRIT,Etudiant,Grand Tunis,Sciences de l'Ingénieur,un bon poste et un bon salaire,2500,l'employabilité des jeunes diplomes,l'expérience,rien,avancement rapide au niveau professionel
20-25,Femme,Marié,Ingénieur,Esprit,Etudiant,Grand Tunis,Sciences de l'Ingénieur,La famille,1800,Rien,Le mode de vie et les opportunités de faire une bonne carrière,La mentalité,Plus d'opportunités à l'étranger
20-25,Femme,Célibataire,Ingénieur,INSAT,Etudiant,Grand Tunis,Sciences de l'Ingénieur,ma famille ,2000 dinars ,il y a beaucoup de facilité coté investissement et lois,plus d'expertise dans IT ET salaire très élevé par rapport a la Tunisie ,mentalité ,expérience et expertise 
20-25,Femme,Célibataire,Mastère,Faculté de médecine dentaire de monastir ,Etudiant,Grand Tunis,Médecine,L’amour de ce pays et la famille ,3 milles,Les salaires à l’étranger,Une opportunité d’études dans un pays développé ,Le smic en Tunisie est très limité par rapport aux pays étrangers ,Dans les sociétés publiques surtout il n’y a plus de professionnalisme 
20-25,Homme,Célibataire,Ingénieur,ENIT,Etudiant,Grand Tunis,Sciences de l'Ingénieur,Vie culturelle plus riche. Stabilité économique. Horizon claire. Plus de tolérance.,15000dt net par mois,Les coûts de production relativement faibles.,La première opportunité.,Plus de tolérance.,Je ne suis pas encore fait une image assez claire du milieu professionnel pour pouvoir comparer.
20-25,Femme,Célibataire,Ingénieur,ENIT,Fonctionnaire,Grand Tunis,Sciences de l'Ingénieur,ma famille parce que j'aime pas les quitter.,2000dt,de vivre tranquille avec un rythme de vie peu accéléré,"Avoir plus d'opportunités, une meilleure carrière et améliorer ma situation financière ","Ils sont plus organisés, plus développés mais les relations interpersonnelles ne sont pas aussi étroites qu'n Tunisie. ","A l'étranger, ils gagnent beaucoup plus d'argent avec un niveau de vie meilleur sur tous les plans. les boulots sont beaucoup plus challenging et les ingénieurs sont très bien valorisés."
20-25,Homme,Célibataire,Ingénieur,FST,Etudiant,Autre,Sciences de l'Ingénieur,je n'ai pas eu l'occasion pour aller ailleurs ,1500,la situation dans laquelle se trouve le dinar tunisien ,des raisons principalement financières et aussi pour vivre dans un niveau de vie adéquat  , l'union et l'empathie  et l'hospitalité et la chaleur tunisienne  n'existe pas à l’étranger.,à l'étranger on peux avancer et  acquérir des nouvelles connaissances et on peux être à jour avec les nouvelles technologies 
20-25,Femme,Célibataire,Ingénieur,ESSAI,Fonctionnaire,Grand Tunis,Sciences de l'Ingénieur,rien,aucun salaire,le soleil,"Le mal respect des gens, lamentalité des gens, la poubelle",les gens à letranger sont civilisés et respectueux ,le coté formation des employés
31 et plus,Femme,Marié,Mastère,INAT (Mastère) et ISSA-CM (Diplôme d'ingénieur),Fonctionnaire,Autre,Economie et ingénierie agricoles,Le terrain de travail en Tunisie (agriculture),2000 Dinars ,Un meilleur climat social ,La recherche de la diversité ,La tolérance ,La méritocratie
20-25,Femme,Célibataire,Ingénieur,ENIT,Etudiant,Grand Tunis,Sciences de l'Ingénieur,-L'envie d’améliorer la situation actuelle,n'importe,les projets innovants ,formation et expérience ,la mentalité ,La notion du travail .
26-30,Homme,Célibataire,Ingénieur,Sup'Com,Fonctionnaire,Grand Tunis,Sciences de l'Ingénieur,Engagement familial ou une rémunération satisfaisante,2000 dt/mois,"Le climat, l'hospitalité des gens et la recherche de nouvelles expériences",Améliorer mes revenue et approfondir mes connaissances technologiques,En Tunisie on valorise plus les liens familles et les relations humaines sont plus faciles à établir.,"Évolution dans la carrière très compliquée, une grande interférence entre les relations personnelles et professionnelles et manque de reconnaissance des efforts réalisés (on dit jamais merci pour votre effort)"
20-25,Homme,Célibataire,Mastère,ISGIS,Etudiant,Sfax,Sciences de l'Ingénieur,Manque d'expérience professionnelle,1500 dt,Tourisme,"Le respect, d'opportunités et salaire",La mentalité du popularion,Les opportunités
26-30,Femme,Célibataire,Ingénieur,FST,Etudiant,Grand Tunis,Sciences de l'Ingénieur,La raison principale est ma famille ,1200 dt ,Les Tunisiens qui ont la chaleur humaine d'accueillir tout le monde ,Manque d'appréciation et manque d'opportunité en Tunisie,"La qualité de vie à l'étranger est bien meilleure, par exemple éducation, santé ...","A l'étranger ,plus de professionnalisme et plus de respect des droits des employés."
20-25,Homme,Célibataire,Ingénieur,IPSAS,Etudiant,Sfax,Sciences de l'Ingénieur,Un bon système économique géré par une bonne gouvernement,Ce n'est pas un question de salaire,Peut être de la faiblesse du coût de main d'oeuvre,"Les mauvaises nouvelles qu'on l'écoute chaque jour , les mauvaises habitudes des gens",L'esprit des gens ,En Tunisie on travaille pour avoir un bénéfice personnel on ne cherche pas a développé notre pays par contre à l'étranger c'est le contraire
26-30,Homme,Célibataire,Ingénieur,Time University,Fonctionnaire,Grand Tunis,Sciences de l'Ingénieur,La famille ,3000 dinars,Niveau de vie,Mode de vie ,Tous est différant ,Environnement de travaille 
20-25,Femme,Célibataire,Mastère,ISSAT Mateur,Fonctionnaire,Autre,Réseaux et télécommunication ,des engagements familiales ,deux milles cinq cent dinars ,rien ,je développe mon carrière professionnel ,"religion , mentalité , esprit de travaille , ","l’économie de pays , environnement de travail ,  horaire de travail , les compétences "
20-25,Femme,,Licence,Faculté des sciences de Sfax,Fonctionnaire,Grand Tunis,Réseaux informatiques et télécommunications,Ma famille,1.600 DT,Je sais pas,travailler et avoir une nouvelle vie,La justice et les droits de chaque personne,à l'étranger je peux avoir un carrière professionnelle et je peux avancer 
31 et plus,Femme,Marié,Ingénieur,FST,Fonctionnaire,Grand Tunis,Sciences de l'Ingénieur,la famille,3000,les investissements,l'argent et l’expérience et l'instabilité politique ,l'environnement ,de loin 
20-25,Femme,Célibataire,Licence,ISET,Fonctionnaire,Grand Tunis,Telecommunication,Ma famille ,1500DT,Tourisme,Tourisme/Travail,Je ne sais pas,Salaire
20-25,Femme,Célibataire,Licence,Tunis Dauphine,Fonctionnaire,Grand Tunis,Economie et gestion,L'espoir ,<1500,Le climat/Le salaire/le taux de change ,Le salaire/l'avancement professionnel ,La qualité de vie ,Le nombre d'opprtunités
26-30,Femme,Célibataire,Mastère,ENIT,Fonctionnaire,Autre,Sciences de l'Ingénieur,la famille ,ce n'est pas une question de salaire ,"le climat, the friendly atmosphere ",la recherche ,la mentalité ,commitment 
26-30,Homme,Célibataire,Ingénieur,ESPRIT,Fonctionnaire,Grand Tunis,Sciences de l'Ingénieur,"Un salaire qui me permet de louer un appartement, de fournir de la nourriture et des boissons au quotidien, de couvrir mes frais de transport et d’épargner plus de 20% du salaire.",3000,"Plus de liberté, plus de sécurité, moins de corruption, un gouvernement stable et le climat de la Tunisie.",Un salaire tentant.,Tu as plus de liberté à l'étranger.,"Généralement le travail à l'étranger est plus organisé, professionnel, sérieux et discipliné."
20-25,Homme,Célibataire,Ingénieur,ISI,Fonctionnaire,Grand Tunis,Informatique (Génie Logiciel),"Un environnement politique, économique et social stable.",2000,Les bas prix!,La meilleure situation que les ingénieurs ont à l'étranger,L'empathie et le respect,L'apprentissage actif et permanent
26-30,Femme,Marié,Mastère,ENISO,Fonctionnaire,Grand Tunis,Sciences de l'Ingénieur,ma famille, > 2500dt ,la qualité de nos professionnels + faible coût de la main d'oeuvre ,la qualité de vie + l'expérience,le pouvoir d'achat en tunisie est très faible.,"à l'étranger ils donnent la valeur de la personne, le respect, l'évolution professionnel, la justice entre les employés, tu travail tu trouveras, ici tu dois être un grand hypocrite/menteur pour s'évoluer dans ta carrière. "
20-25,Homme,Célibataire,Ingénieur,TU Darmstadt,Fonctionnaire,Grand Tunis,Sciences de l'Ingénieur,L'environment de travail,2000,L'environment de travail et la qualite de vie,L'environment de travail et la qualite de vie,La qualite de vie,La qualite du travail
20-25,Homme,Célibataire,Licence,ISI,Fonctionnaire,Grand Tunis,Sciences de l'Ingénieur,Mariage et enfants sinon je quitte,1500 TND (célibataire seulement),Les coûts réduits pour une qualité compétitive,Opportunité de travail,avec les tunisiens c'est mieux,Croissance de buisness beacoup plus limitée et plus lente en Tunisie
26-30,Homme,Célibataire,Ingénieur,ISI,Fonctionnaire,Autre,Sciences de l'Ingénieur,Salaire motivant et une situation économique stable,Selon la situation économique,rien,travailler,plus organisé ,plus organisé 
20-25,Femme,Célibataire,Licence,ESSTST,Etudiant,Grand Tunis,Santé,Ma famille,1200 Dt,Tourisme,Étudier ou travailler,La mentalité ,Ponctualité et conscience professionnelle 
20-25,Femme,Célibataire,Ingénieur,ENIT,Etudiant,Grand Tunis,Sciences de l'Ingénieur,la famille,2500 ou plus,le faite que l'euro 3.3 fois de dinar tunisien et le dollar 2.9 voir 3 fois du dinar tunisien (leurs salaires en euro/dollar je pense ) ,le salaire et la mentalité des gens les conditions de travail favorable sont tous des facteur qui m' en courage à partir à l'étranger .,"niveau de vie , 1500 dinar de salaire permet pas de vivre une vie autonome et décente et ça ne reflète pas nos sacrifices et l'étude qu'on a fait pour arriver à devenir un ingénieur ",Condition de travail sont favorable à l'étranger. Concernant mon domaine d'étude (l’ingénierie ) il est mieux reconnaissant à l'étranger qu' à la Tunisie. En Tunisie l'ingénieur n'exerce pas tellement son métier. 
20-25,Femme,Célibataire,Licence,ISI (institut supérieur d'informatique),Fonctionnaire,Grand Tunis,Informatique,Pouvoir satisfaire mes besoins matériels et fonctionnels,4000 dt,Compétences techniques des gens ,les offres proposées sont intéressantes ,Civilisation et sécurité ,Reconnaissance et récompense 
31 et plus,Homme,Marié,Licence,ISET RADES,Fonctionnaire,Grand Tunis,Sciences humaines et sociales,Ma Familles ,1500,La stabilité politique ,la malhonnêteté des gens ,"le chaumage , le travail ",la rentabilité 
20-25,Homme,Célibataire,Ingénieur,ESPRIT,Fonctionnaire,Grand Tunis,Sciences de l'Ingénieur,Le climat,2500 comme salaire de départ,"Carte bancaire international, ethique de travail, moins de corruption","Paypal, Amazon, le sérieux, moins de stresse relié à la vie quotidienne","Le fascism, racisme, sexisme et intolerance des tunisiens
Arrogance - impunité","environment de travail, le sérieux, l'humeur, le salaire"
31 et plus,Femme,Marié,Mastère,FSEG TUNIS,Fonctionnaire,Grand Tunis,Economie et gestion,Un bon salaire,3000 dinars,Des opportunités de coopération ,Un salaire meilleur qu'en Tunisie,Meilleure. Conscience sociale populsions plus civilisée ,Meilleur niveau de vie 
31 et plus,Homme,Marié,Licence,IHEC,Fonctionnaire,Autre,Economie et gestion,Amélioration du style de vie,12000,Soleil,Un nouveau challenge,qualité de vie,Evolution
26-30,Homme,Célibataire,Mastère,IHEC CARTHAGE,Fonctionnaire,Grand Tunis,Expertise comptable,La famille,"Aucun ,je touche déjà un salaire de 2400 dinars actuellement et je ne suis pas satisfait ","Le mode de vie , la stabilité économique , le climat peut etre ",L'ambition,"Mentalité , liberté individuelle , civisme ",Plus d'opportunités à l'étranger
20-25,Homme,Célibataire,Ingénieur,INSAT,Etudiant,Grand Tunis,Sciences de l'Ingénieur,Les conditions de travail,2000 dt,"Les conditions de travail, la facilité d'investissements, la qualité des employés diplômés","Les comportements des individus, les conditions de travail",Les étrangers font preuve de leurs principes.,"Les tunisiens ne sont pas sérieux et n'ont réellement pas d'ambitions, ils veulent vivre au jour le jour."
31 et plus,Homme,Marié,Licence,ATFP,en chômage,Grand Tunis,biologie medical,Ma famille,1700 DT,je pense que le climat modéré qui séduit beaucoup ainsi que leurs devise qui permet d en profiter des loisirs offers en Tunisie,je pense la recherche d opportunité ,la tolérance ,les perspectives d évolution 
31 et plus,Homme,Marié,Ingénieur,ENIT,Fonctionnaire,Grand Tunis,Sciences de l'Ingénieur,famille,4500,euro,argent,rien,rien
20-25,Homme,Célibataire,Ingénieur,INSAT,Fonctionnaire,Autre,Sciences de l'Ingénieur,Un bon salaire,3000dt,Les startups,L'emploi,le peuple étranger sont plus mature que le notre,Les métiers en étranger sont plus valorisés
26-30,Femme,Célibataire,Ingénieur,ENSIT,Fonctionnaire,Grand Tunis,Sciences de l'Ingénieur,stabilité de climat politique et stabilité d'état,>2000dt,le climat //La Tunisie encourage les étrangers à investir,"Épanouissement personnel garanti, découvrir une nouvelle culture, améliorer le salaire ,agrandir et diversifier mon réseau relationnel ,découvrir d’autres facettes de ma personnalité","Entre la famille, les amis, la langue maternelle et le travail, on oublie parfois qu’il existe d’autres pays où la conception de la vie peut être différente.Une nouvelle langue, une nouvelle culture, de nouvelles rencontres, ce sont ces différents aspects de la vie même qui vont vous enrichir pour le reste de votre vie et qui  vont vous pousser à surmonter vos peurs et franchir le cap de l’expatriation.","l’étranger donne une dimension internationale à votre carrière,"
26-30,Femme,Marié,Ingénieur,ESSAT,Fonctionnaire,Grand Tunis,Sciences de l'Ingénieur,ma famille,3000,le climat,salaire motivante,l'esprit de vivre,professionnalisme respect et surtout salaire
20-25,Femme,Célibataire,Ingénieur,ENIS ,Etudiant,Sfax,Sciences de l'Ingénieur,"Un taux d'embauche élevé, un salaire satisfaisant et des éthiques de travail respectant les droits de l'homme et le statut d'un ingénieur",2000 DT,Des offres d'emploi voisins de ceux de l'étranger avec un environnement social et économique stables,Le manque d'opportunités de travail dans certains domaines / l'opportunité de poursuivre des études dans de nouveaux domaines avec des moyens d'enseignement plus adaptés ,Les liens sociaux entre les tunisiens sont plus forts / La sécurité et le respect de la loi forgent l'identité sociale des pays étrangers ,Les moyens d'enseignement et de l'industrie à l'étranger sont beaucoup plus élaborés ou avancés. On a une diversité dans le choix de parcours et une diversité d'implantation des entreprises où on peut s'intégrer.
31 et plus,Homme,Marié,Mastère,INSAT,Fonctionnaire,Grand Tunis,Economie et gestion,le beau temps,10000,le beau temps,l’insécurité e Tunisie,nous avons une excellente vie sociale en Tunisie,On parle de différence quand il y a aussi des points communs 
20-25,Homme,Célibataire,Mastère,Sup'Com,Etudiant,Autre,Sciences de l'Ingénieur,La famille,3000,Tunisie est considérer comme un pont pour le business dans l'Afrique,Salaire et mode de vie,"le niveau de conscience générale de la société  ,les services administratifs, le transport; ",L'existence des lois bien structurés et un volontés de l'état à investir dans la nouvelle tech et dans l’éducation.
20-25,Homme,Célibataire,Ingénieur,Su'p'com et maintenant Télécom Paristech ,Etudiant,Autre,Sciences de l'Ingénieur,La famille et les amis,4000 dt,Le tourisme et le niveau de niveau ,L' argent,A l'étranger ils sont plus desciplinés : Is respectent le temps mais il'y a un peu de racisme,Il' y a une grande différence à l'étranger on peut travailler dans les grandes entreprises et être dans la pointe du prgrès scientifique.
26-30,Homme,Célibataire,Ingénieur,Supcom,Etudiant,Sousse,Sciences de l'Ingénieur,Ma famille,3000 dt ,Le tourisme,Mes etudes,"La question doit ètre : y a-t- il un pont commun, au point de vue social, entre la tunisie et l'etranger? ",Même chose que la question precedente...
20-25,Homme,Célibataire,Licence,INSAT,Etudiant,Grand Tunis,Sciences de l'Ingénieur,Rien,10000DT,La réduction de dinar tunisien ,L’existence de l’opportunité,Le niveau de vie est mieux que ici,Les salaires et le passion au cours de travail 
26-30,Femme,Célibataire,Mastère,IPSI,Fonctionnaire,Grand Tunis,Sciences humaines et sociales,Le climat,2000,Le climat,La motivation,La niveau de vie,La motivation
20-25,Femme,Célibataire,Mastère,ISCAE,Etudiant,Grand Tunis,Economie et gestion,la famille,4000,la stabilité économique et sociale,"un salaire très motivant, le désir de découvrir l'étranger","les moeurs se diffèrent, l'attitude d'un étranger est différente du tunisien qui se mêle des affaires des autres",Je pense qu'à l'étranger les salariés sont plus sérieux au travail et rigoureux. Et les employeurs apprécient et valorisent convenablement le travail de leurs employés.
31 et plus,Homme,Marié,Mastère,INSAT,Fonctionnaire,Autre,Sciences de l'Ingénieur,Un bon niveau de vie,4500 Net,La vie coute moin cher ici,Le niveau de vie,"Il suffit de voir, les parents encourages leurs enfants à reussir leurs études dans l'espoir de quiter le pay","Tout, tout est meilleur à l'étrangé -point de vue professionnel-, les salaire, la reconnaissance, les oppertunistés, les droits... TOUT"
20-25,Femme,Célibataire,Licence,ISET'COM,Etudiant,Grand Tunis,Gestion des TIC,Il n ya pas d'opportunités pour quitter la tunisie,A partir de 1700TND,La richesse de notre culture,Le travail et le mode de vie (vie de luxe),La sécurité et la transparence,"Le salaire 
La motivation
La sérieusité"
20-25,Homme,Célibataire,Ingénieur,ESPRIT,Fonctionnaire,Autre,Sciences de l'Ingénieur,Avoir les même droits que ceux qui travaille à l'étranger ,Sup à 3000dt,La chute de dinar,Expérience sur l'échelle internationale ,A,. 
20-25,Homme,Célibataire,Ingénieur,ENIT,Etudiant,Grand Tunis,Sciences de l'Ingénieur,"Rien à part la famille (5 personnes) et quelques amis. Ce sont les gens qui font les lieux, les lieux ne font pas les gens si on prend un pays comme le Norvège on substitut son peuples par les Tunisiens le résultat n'est pas le Norvège mais la Tunisie => Conclusion le problème c'est les Tunisiens ; on est en majorité grossiers, oisifs et incultes",2000,"Un pays plus stable avec une stratégie bien définie et une vision réaliste et sérieuse pour l'avenir : on est un pays ruiné sur tous les plans ; Valorisons ce qu'on a et travaillons pour semer une bonne réputation pour le pays et une image autre que le celle du terrorisme, de la pauvreté et de la corruption.","Un véritable métier où l'on peut s'exprimer pleinement (ses idées) et non suivre des instructions fastidieuses faites par autrui, le salaire est important mais ce n'est pas tout.",plus de stabilité et plus de civisme,je ne sais pas
20-25,Homme,Célibataire,Mastère,ENIT,Etudiant,Autre,Sciences de l'Ingénieur,Nationalisme,5000,tourisme,"les affaires, apprendre leurs savoir faire, ",Mentalité ,je ne sais pas
20-25,Femme,Célibataire,Ingénieur,ESSAI,Etudiant,Autre,Sciences de l'Ingénieur,les etudes,3000,rien,la qualite de vie,le respect,la ponctualite
20-25,Homme,Célibataire,Ingénieur,ESSAI,Etudiant,Grand Tunis,Statistique et analyse de l'information,La famille et les amis,2500dt,Rien,La dominance de l'Euro,Je ne sais pas,Le salaire dépend des diplômes et des niveaux des salariées
20-25,Femme,Célibataire,Mastère,ENIT,Etudiant,Grand Tunis,Sciences de l'Ingénieur,"La famille, mes ami(e)s, manque de moyens financiers",Pas moins de 1800D,"Le tourisme, la propreté de l'environnement, la bienveillance des citoyens","Découvrir un autre pays, obtenir un stage","Les Tunisiens sont chaleureux, par contre les Français on sent leur froideur et indifférence",Le milieu professionnel est beaucoup plus développé en terme d'avancée technologique et savoir faire
26-30,Homme,Célibataire,Ingénieur,ENSI,Etudiant,Grand Tunis,Sciences de l'Ingénieur,Le manque de compétitivité.,L'argent ne m'intéresse pas. Je cherche les bonnes causes.,Faire le tourisme low-cost.,Évoluer sur le plan académique.,"En Tunisie, les hommes ont beaucoup moins des droits que les femmes.",On ne compare pas l'incomparable.
20-25,Homme,Célibataire,Mastère,ENIT,Fonctionnaire,Autre,"Systèmes, signaux et données.",Mon travail.,10 000 dinars.,Pas grand chose. Ou sont les étrangers!!!,L'argent.,La communauté tunisienne est conservative.,Ils sont mieux payés. quoi!!!
31 et plus,Femme,Célibataire,Mastère,ENIT,Fonctionnaire,Grand Tunis,Sciences de l'Ingénieur,Mes amis et ma famille,Rien,Amitié,Tous,Responsabilité,Compétence 
20-25,Femme,Célibataire,Ingénieur,ENSIT,Etudiant,Sousse,Sciences de l'Ingénieur,"La famille, la culture arabo-musulmane, l'impact que j'aurais sur la société",ce n'est pas une question de salaire,"Le respect, ","Un bon emploi, un mari qui vaut la peine, un niveau de vie et une culture notables","Respect entre individus, qualité de services et produits, équité","Salaires, environnement de travail.."
20-25,Homme,Célibataire,Ingénieur,INSAT,Etudiant,Sousse,Sciences de l'Ingénieur,Une bonne offre qui comporte des parts d'une startup,"1500 pour la premiere année, et je pense un minimum de 2500 pour la deuxieme ",main d'oeuvre ,le salaire,La famille,le salaire * 6 minimum.
20-25,Homme,Célibataire,Licence,INSAT,Etudiant,Grand Tunis,Sciences de l'Ingénieur,Famille,it s not about money,environnement économique correcte,Etude Master,-,-
20-25,Femme,Célibataire,Ingénieur,INSAT,Etudiant,Grand Tunis,Sciences de l'Ingénieur,Mes parents,3000 DT,La richesse naturelle ,Étude,La tolérance ,La rigueur
26-30,Homme,Célibataire,Ingénieur,INSAT,Fonctionnaire,Grand Tunis,Sciences de l'Ingénieur,Une bonne évolution de carrière ,un salaire qui correspond à mon profil,Un bon environnement prospère,Les possibilités d'évolution de carrière,"La mentalité, le respect",Les valeurs du travail
20-25,Femme,Célibataire,Ingénieur,INSAT,Etudiant,Grand Tunis,Sciences humaines et sociales,Un emploi bien rémunèré ,2500dt,Logement nourriture ,Mode de vie,Société plus autonome,Plus professionnel
20-25,Homme,Célibataire,Ingénieur,INSAT,Etudiant,Grand Tunis,Sciences de l'Ingénieur,De bonnes conditions de travail avec une évolution continue de connaissances et non pas un travail montone,"Salaire débutant 1200 Dt (peu importe, ce n'est pas très important) ","Des défis à relever, une évolution continue",L'apprentissage et l'évolution personnelle,"La valorisation de l'être, le respect mutuel à l'étranger
En contre partie les valeurs de solidarité et la capacité d'adaptation en Tunisie. ","Valeurs présentes à l'étranger mais non pas en Tunisie :
Valorisation du travail
Innovation et développement
Environnement professionnel propice au développement personnel "
20-25,Femme,Célibataire,Ingénieur,INSAT,Etudiant,Grand Tunis,Sciences de l'Ingénieur,une bonne opportunité de travail (équipe +salaire +qualité des projets) ,2500,vraie mentalité de travail et un atmosphère calme pour les affaires,une bonne opportunité de travail (équipe +salaire +qualité des projets+ nouvelle expérience) ,ouverture d'esprit ,"professionnalisme, application et discipline "
20-25,Femme,Célibataire,Ingénieur,INSAT,Etudiant,Grand Tunis,Sciences de l'Ingénieur,Un bon salaire,3000,La propreté ,Les conditions de vie,Rien,Plus d’opportunies
20-25,Femme,Célibataire,Ingénieur,INSAT,Etudiant,Autre,Sciences de l'Ingénieur,La famille ,5000dt,Milieu favorable à la recherche scientifique ,Travail,Mentalité ,L'effort fourni au travail 
20-25,Femme,Célibataire,Ingénieur,INSAT,Etudiant,Grand Tunis,Sciences de l'Ingénieur,une opportunité qui peut compenser le fait d'avoir un emploi à l'étranger,à partir de 1000dt,"les talents et compétences : le savoir faire énorme en Tunisie, aussi la richesse de ce pays","Reconnaissance de talents et compétences
projets novatrices
des personnes qui s’investissent vraiment dans votre encadrement et formation.",c'est le truc le plus décourageant pour la Tunisie. il faut changer la mentalité de tout un peuple pour qu'on puisse arriver à vivre avec les normes des Europeans par exemple.,"on ne peut pas nier que la Tunisie est entrain de se développer rapidement ! mais on est encore loin d'être en concurrence ou coopération avec les pays développées disant la chine, l’Allemagne et japan "
20-25,Femme,Célibataire,Ingénieur,sup'com,Etudiant,Autre,Sciences de l'Ingénieur,Ma famille,à partir de 4000dt,"parmi ceux que je connais, ils aiment la vie en Tunisie et la trouvent différente et charmante (au contraire des tunisiens)","élargir les opportunités , être ouvert aux choix du monde entier","plus développée ailleurs , conduite de peuple ","moins de matériels,moins d'opportunité de recherche"
20-25,Femme,Célibataire,Ingénieur,INSAT,Etudiant,Grand Tunis,Biologie industrielle,Ma famille,3000dt,Le terrains encore non exploitables,Iife standards,L'application des lois,"Les equipements, l'encouragement de la recherche scientifique, les systemes de management "
26-30,Homme,Célibataire,Ingénieur,INSAT,Fonctionnaire,Grand Tunis,Sciences de l'Ingénieur,"Un terrain vierge pour investir, la famille..",3000dt,La main d’oeuvre avec des salaires bas ,"On reconnaît votre valeur ajoutée et vous êtes jugé sur votre travail avec des objectifs claires depuis le debut
Vous pourriez vous retrouver avec une équipe d’ingénieurs qui veulent vraiment avancer et non pas recevoir des salaires à la fin du mois",En tunisie il y a un manque énorme de civisme et de responsabilité ,"Vous etes concideré comme un ingénieur votre vraie valeur. Ici on vous recrute pour des taches de technicien et on vous demande de tout faire avec un salaire tres bas. On ne travaille jamais comme un ingénieur doit travailler. Aucune créativité et aucun effort, on applique c’est tout!"
20-25,Homme,Célibataire,Ingénieur,INSAT,Etudiant,Autre,Sciences de l'Ingénieur,Obligations familiales / Amour pour patrie / ,5000 TND,Le Climat / Low Budget,Le comportement humaniste de tout le monde,Routine / Pas de sens ni gout de vivre,Rémunération!!!
26-30,Femme,Célibataire,Ingénieur,ULT,Fonctionnaire,Grand Tunis,Sciences de l'Ingénieur,Mes études et mon boulot,5000dt,Le paysage et le climat,Un salaire mieux,Des gens plus respectueux et civilisés,Respect et qualité 
20-25,Femme,Célibataire,Ingénieur,INSAT,Etudiant,Grand Tunis,Sciences de l'Ingénieur,Avoir mon propre business,3000dt,"La nature , l'histoire et la culture","Faire des études , voyager , début de carrière professionnelle",Faciliter de partager l'information et l'encouragement ,"Le professionnalisme , leur temps est dédié au travail concret "
20-25,Homme,Célibataire,Mastère,ESSECT,Etudiant,Grand Tunis,Expertise Comptable,La famille,5000 dt,Le besoin en investissements,"Le salaire, le professionnalisme, le sérieux des collaborateurs... ",Le respect de l'être humain à l'étranger qui manque en Tunisie,En Tunisie on manque de professionnalisme au sein de nos sociétés.
20-25,Femme,Célibataire,Ingénieur,INSAT,Etudiant,Autre,Sciences de l'Ingénieur,"Si il ya des bonnes conditions de travail, le sérieux, le salaire adéquat et pas de discrimination envers les femmes dans l'environnement de travail",2000dt minimum ,"L'histoire ancienne et récente de pays peut inciter les gens à venir le découvrir, la réputation des Tunisiens qui sont très accueillants et socialbles, pour les entreprises l'exploitation est beaucoup plus rentable avec la baisse du dinars ","Prétentions salariales, environnement de travail, respect ","Socialement parlant, la Tunisie est un pays où les habitants sont plus coopératifs, plus aceuillants, chaleureux, moins sérieux.","Les compétences Tunisiennes ne manquent pas, mais ce sont les moyens qui sont absents et le manque de volonté de changement par rapport à l'étranger sur le plan professionnel. Aussi il manque un peu de sérieux dans l'exécution du travail dans le secteur public, qui est favorisé dans le secteur privé. "
20-25,Homme,Célibataire,Ingénieur,INSAT,Fonctionnaire,Grand Tunis,Sciences de l'Ingénieur,The increase of the dinar value,2500 tnd,Economic impact they can make,Lifestyle improvement - going out of comfort zone - trying new experiences ,"Tunisia is better in terms of friends and family, abroad is better in term of cost of living",The endless opportunities and the rich markets
20-25,Homme,Célibataire,Ingénieur,INSAT,Etudiant,Grand Tunis,Sciences de l'Ingénieur,La famille,2500,L'investissement ,Une meilleure vie et salaire ,Une différence de mentalité ,L'expérience et la salaire el l'environnement de travail 
20-25,Femme,Célibataire,Ingénieur,INSAT,Fonctionnaire,Grand Tunis,Sciences de l'Ingénieur,Rien du tout! Je quitterai à la première occasion qui se présente.,tout l'argent du monde ne me fera pas rester.,1€=3dt,"Tout! La qualité de vie, la mentalité, la nature  l'argebt bien évidemment, le respect au boulot etc.","les Tunisien n'ont aucun respect aux autres et n'acceptent pzs la différence. A l'etranger oersonne ne se mele de tes affaires, chacun pour soi dieu pour tous.",Le respcet. Et les salaires.
20-25,Femme,Célibataire,Ingénieur,ENIM,en chômage,Grand Tunis,Génie énergétique ,un travail qui motive (salaire et expérience professionnelle) ,1500 dinars,l'investissement - la valeur du dinars ,l’expérience et le mode de vie,le mode de vie - le pouvoir d'achat - ,"sécurité des employés , motivation ,expérience et formation "
20-25,Femme,Marié,Ingénieur,INSAT,Fonctionnaire,Grand Tunis,Sciences de l'Ingénieur,"La famille, le climat, les plages et les mosquets.",1800DT,"le climat, Notre devise qui est continuellement en chute, nos ingenieurs (nous) qui sommes bien qualifiés, trilingues (minimum 3 langues: Arabe, Français et Anglais), polyvalents et surtout modestement payés, les gens qui sont chaleureux et bien acceuillants. ","Ma curiosité d'explorer de nouvelles coutumes, nouvelles cultures et nouveaux gens, la qualité de vie qui est meilleure, le transport en comun qui est incomparable, Il y'aurait plein d'activités à faire hors des horaires de travail, pour le poste d'ingenieur, je serais 4  ou meme 5 fois plus payée.","En Tunisie, on parle la meme langue, les memes habitudes, les memes valeurs et coutumes. On se trouve entouré de sa familles, ses amis et les gens qu'on aime. L'ambaince est chaleureuse et surtout pendant les fetes religieuses (Ramadan, Aid, ...). Tandis q'à l'etranger, on se trouve seul, entouré de gens qui ne nous partagent pas les memes habitudes, valeurs ..etc et il arrive qu'on nous maltraite/traite avec racisme.","Ce point là est un peu nuancé. Comparer les 2 au niveau professionnel serait difficie car les 2 peuvent nous apporter des opportunités professionnelles, comme on peut trouver des sociétés/startups au sein desquels on se sent mal à l'aise, maltraités, ou abusé. "
20-25,Femme,Célibataire,Ingénieur,ENIT,Etudiant,Grand Tunis,Sciences de l'Ingénieur,Mes parents et mes proches ,2100,Investissement avec des salaires inferieueres a celles payees a l'entranger,La mentalite et le mode de vie ,La mentalité et l'esprit de foule dans la tunisie,Les moyens et les conditions du travail sont beaucoup mieux qu'ici
20-25,Homme,Célibataire,Ingénieur,ENIT,Etudiant,Autre,Sciences de l'Ingénieur,Je ne veux pas rester,"3,5 milles dinars-minimum",La dégradation du dinar tunisien,Every thing ,People are more respected in europe as humains and workers,"Work ethics , work motivation , respect of science and reaserch"
20-25,Homme,Célibataire,Mastère,A University not appearing in this list,Etudiant,Autre,Sciences de l'Ingénieur,Rien de rien,Pas une question de salaire,"Digitalisation de services, meilleure infrastructure, moins de corruption...","Plus de respect enver l'homme, meilleure qualité de vie, de plus avoir à vivre en Tunisie","Mediocrité mentale, pas de respect...","Au niveau de l hierarchie das les societes, Rendement x 1000, l idee de ""mosmar fi 7it""... "
20-25,Homme,Célibataire,Ingénieur,ENIT,Etudiant,Autre,Sciences de l'Ingénieur,La famille,3500 DT,Le tourisme,Le tourisme,Le respect de l'autre ( Europe > Arabe ),Le nombre d'opportunités est grand.
20-25,Homme,Célibataire,Ingénieur,ENIT,Etudiant,Grand Tunis,Sciences de l'Ingénieur,les etudes,2000,rien,la chute du dinars tunisien,niveau sociale,salaire plus motivante
20-25,Homme,Célibataire,Ingénieur,INSAT,Etudiant,Autre,Sciences de l'Ingénieur,Un bon salaire avec une bonne expérience professionnelle,2000,Environnement de start-up,Salaire et mentalité professionnelle,L'ingénieur est plus valorisé a l étranger,Beaucoup plus de qualité a  l etranger
20-25,Homme,Célibataire,Ingénieur,INSAT,Etudiant,Grand Tunis,Sciences de l'Ingénieur,amis et famille,1500dt,tourisme,salaire et niveau de vie,meilleur niveau de vie à l'étranger,être plus respecté et plus valorisé à l'étranger
20-25,Homme,Célibataire,Licence,ENSI,Etudiant,Sousse,Sciences de l'Ingénieur,l'amour de mon paye ?,aucune idee,le tourisme ?," le développement , les droits des gens ",on doit changer notre mentalite,pas une grande différence sauf au salaire haha
20-25,Femme,Célibataire,Ingénieur,INSAT,Etudiant,Autre,Sciences de l'Ingénieur,Un bon poste ,3000dt,Les opportunités d'emploi,Les opportunités d'emploi ,"La mentalité,  niveau de vie", salaire 
20-25,Femme,Célibataire,Ingénieur,INSAT,Etudiant,Grand Tunis,Reseaux informatique et telecommunication,Ma famille,3000dt,Niveau de vie faible,acquérir de L'expérience,la mentalité,Je ne sais pas jai pas encore intégré le milieu professionnel
20-25,Homme,Célibataire,Licence,FST,Etudiant,Grand Tunis,Sciences de l'Ingénieur,rien,3000dt,sidi bou said,travailler,"le salaire,la liberté et la decouverte des nouveaux pays",le bon salaire
20-25,Femme,Célibataire,Licence,ISG sousse,Etudiant,Sousse,Economie et gestion,La famille ,2000,Pour faire des investissements,Trouver un travail, le respect,La discipline
20-25,Homme,Célibataire,Ingénieur,ENIT,Etudiant,Sfax,Sciences de l'Ingénieur,Rien,3500,main d'oeuvre pas cher ,valorisation des compétences et salaire grand relativement,"Liberté, pas de préjuger et complexe religieuse ","+- équivalent avec une léger avantage à l'Europe. En effet, en Tunisie des thématique riche à travailler le dans "
20-25,Homme,Célibataire,Ingénieur,SUP'COM,Etudiant,Grand Tunis,Sciences de l'Ingénieur,Un bon salaire ,3000dt,Rien,Chercher un meilleur avenir,Au point de vue social je pense que vivre à la tunisie est mieux que vivre ailleurs personnellement je ne peut-être alaise que dans mon pays ou je suis loin de racisme et entouré par ma famille ,On n'a pas de professionnalisme en tunisie xD
20-25,Homme,Célibataire,Ingénieur,INSAT,Etudiant,Autre,Sciences de l'Ingénieur,rien,1800,rien aussi,argent ; dignité ,mentalité,"niveau d'études , technologies ."
20-25,Femme,Célibataire,Ingénieur,INSAT,Etudiant,Grand Tunis,Sciences de l'Ingénieur,Une meilleure reconnaissance de nos competences/un environnement de travail plus motivant et encourageant,1200dt,Le niveau de vie,"Une offre d'emploi adaptee a ma recherche, un environnement social plus agreable","On ne cultive pas la difference, on rejette souvent l'autre, on juge constamment, on se sent opprime","Une plus grande motivation au sein des entreprises etrangeres, un encadrement de meilleure qualite, une insertion professionnelle et un suivi constant, un partage des informations facilite pour le bien de la science, une rigueur de travail, une ponctualite..."
26-30,Femme,Célibataire,Ingénieur,ESSAI,Fonctionnaire,Grand Tunis,Sciences de l'Ingénieur,La famille,entre 2000 et 3000 dinars,la stabilité économique et politique et la sécurité,"les conditions de travail, y compris le salaire..les privilèges de sécurité de santé..etc",le respect,le respect et le professionnalisme ainsi que les rémunérations
20-25,Femme,Célibataire,Ingénieur,INSAT,Etudiant,Autre,Réseaux informatiques et télécommunications,Ma famille,+1500 dt ,La chute du Dinard,Le niveau de vie et le respect des droits de l'homme ,Le respect du droit,Les salaires 
31 et plus,Homme,Célibataire,Mastère,FST,Etudiant,Grand Tunis,Biologie,l'égalité à tous les niveaux,2500,rien,l'argent-l'équité et l'égalité sociale,Le coté sociétale est gorgé de défauts et d'avantages  en Tunisie et à l’étranger,a l’Étranger le coté professionnel des choses est bien respecté 
20-25,Femme,Célibataire,Licence,FPHM,Etudiant,Autre,Pharmacie,Le patriotisme et un désir à collaborer ensemble au sein de la Tunisie pour y améliorer ses conditions de vie ,Une salaire respectable qui me permettra de vivre un certain comfort,Des événements internationales culturelles ou artistiques BIEN organisés pour prèsenter la culture riche et la beauté de la Tunisie ,La perspective d'une profession plus reconnu à l'étranger qu'à la Tunisie et des conditions de travail plus acceptables,"Au sein de la Tunisie, il nous manque de moral.","À l'étanger, on est plus sérieux à délivrer son mieux et surtout ponctuel puisqu'on valorise le temps. Le Tunisien n'est pas très objectif et manque donc de professionalisme."
20-25,Homme,Célibataire,Licence,Fphm,Etudiant,Autre,Pharmacie,Un métier noble,Minimum 3 millions par mois,Les paysages,Les chances du travail,La mentalité du peuple,En etranger on adorait le métier et on sacrifice pour le mériter
20-25,Homme,Célibataire,Ingénieur,Enicar,Fonctionnaire,Grand Tunis,Sciences de l'Ingénieur,Rien,Rien,Main d'oeuvre pas cher,Tout,La liberté et la qualité de vie,Salaire et conditions humanitaires 
20-25,Femme,Célibataire,Ingénieur,ENIT,Etudiant,Autre,Sciences de l'Ingénieur,bonne condition de travail,5000000,Rien,"bonnes  conditions de travail, bon salaire et les bons comportements des collègues dans le travail",les comportements des gens,Conscience professionnelle
20-25,Homme,Célibataire,Ingénieur,Esprit,Etudiant,Grand Tunis,Sciences de l'Ingénieur,La famille,3000,Rien,Tout,Mentalité ,Mentalité 
20-25,Homme,Célibataire,Ingénieur,INSAT,Etudiant,Grand Tunis,Sciences de l'Ingénieur,"Trouver un travail où je serais très actif et créatif, qui va m'aider à me développer et aussi va m'apporter un plus sûre le côté financier.",2000dt,Un terrain favorable pour les entrepreneurs mais aussi la qualité des ingénieurs..,Les moyens disponibles dans les entreprises aussi la créativité et le savoir faire. Participer à des grands projets et avoir l'occasion d'être à la une.,À l'étranger la société est ouverte. On peut nous exprimer; parler de nos ambitions sans être banalisé. Bouger sans être mis sous les projecteurs.,"La recherche ,les investissements,la motivation ,le travail dure et bien-sûr le respect professionnel "
20-25,Femme,Célibataire,Ingénieur,ENIT,Etudiant,Grand Tunis,Sciences de l'Ingénieur,je suis encore étudiante,2000 dt,Tourisme,les conditions de travail à l'étranger sont beaucoup mieux en Tunisie y compris le salaire,les valeurs des habitants,l'ingénieur est mieux à l'étranger qu'en Tunisie
20-25,Homme,Célibataire,Ingénieur,ENIT,Fonctionnaire,Grand Tunis,Sciences de l'Ingénieur,Famille et appartenance.,Ce n'est pas une question de salaire. C'est une question de respect.,Rien. Vaut mieux encourager les jeunes tunisiens à y rester avant.,"La crise économique, la mauvaise gouvernance et la mauvaise gestion, l’absence de la volonté pour changer et innover, le manque d'assiduité, et surtout, le manque de respect.","Ca dépend de quel étranger on parle. Mais ça n’empêche, en gros, le législateur tunisien doit sans doute améliorer son système social et c'est une priorité, mais pas LA priorité.","Le secteur privé évolue lentement. Pour le secteur étatique, c'est scandaleux: pas de recherche, pas d'innovation, pas d'amélioration, une stagnation totale (sauf pour quelques cas). "
20-25,Homme,Célibataire,Ingénieur,ULT,Etudiant,Autre,Genie civil ,Travailler,1300dt,Torisme,Travaille,Mode de vie et salaire,Les tunisiens travail juste pour gangné l argent n est pas pour le pays
20-25,Homme,Célibataire,Ingénieur,INSAT,Etudiant,Autre,Sciences de l'Ingénieur,Un bon salaire,2000,"Tourisme, investissement","Un niveau de vie meilleur, un salaire meilleur, voyager","Les salaires à l'étranger sont meilleurs, le niveau de vie",Pas de différence
26-30,Homme,Célibataire,Mastère,ISG,Fonctionnaire,Grand Tunis,Economie et gestion,Espoir d'avoir une belle Tunisie ,ca ne depend pas du salaire,"Le Climat, la dévalorisation du dinar",Avoir une experience ,La culture de travail ,"l'indicateur de la productivité, qui est quasiment absent en Tunisie"
20-25,Femme,Célibataire,Ingénieur,INSAT,Etudiant,Sousse,Sciences de l'Ingénieur,famille,3000,climat/ cout de vie pas cher,life,liberté ,plus pro
20-25,Homme,Célibataire,Ingénieur,INSAT,Etudiant,Grand Tunis,Sciences de l'Ingénieur,idk,2000,rien,les conditions de vie ,stabilité sociale,les conditions du travail
20-25,Femme,Célibataire,Ingénieur,INSAT,en chômage,Grand Tunis,Sciences de l'Ingénieur,"Ma famille et mes amis, les petites simples joies de vivre en Tunisie qu'on trouve pas ailleurs: le soleil, un petit café, la plage en été..",1500 dt,Tourisme ,"Trouver un boulot avec un bon salaire, mentalité meilleure qu'en Tunisie, plus de liberté ",Plus de racisme à l'étranger mais aussi plus de libertés. La vie sociale à l'étranger peut être un peu difficile car c'est pas évident de se faire des amis ou de tomber sur de bonnes personnes.,"La Tunisie est le pays du chômage surtout dans les domaines de la Biologie et la chimie, contrairement à l'étranger. A l'étranger on peut faire de la recherche dans des labos bien équipés, en Tunisie une thèse durera même 6 ou 7 ans faute de matériel. "
20-25,Homme,Célibataire,Ingénieur,INSAT,Etudiant,Grand Tunis,Sciences de l'Ingénieur,Famille - Amis ,Ce n'est pas une question de salaire ,Seulement pour le tourisme,Une offre d'emploi.,Plus de liberté ,Valorisation des compétences
20-25,Femme,Célibataire,Ingénieur,INSAT,Etudiant,Grand Tunis,Sciences de l'Ingénieur,Des bonnes conditions ,3000dt,Rien pour le moment,Les conditions pourries,Je sais pas,Les conditions favorables sont disponibles à l’étranger 
20-25,Homme,Célibataire,Ingénieur,Télécom ParisTech,Etudiant,Grand Tunis,Sciences de l'Ingénieur,"Un bon salaire, de bonnes opportunités professionnelles  ",7000-8000 TND,"Principalement, le prix de la main d'oeuvre qui est relativement faible comparé à d'autres pays (et le beau temps ?)","Plus d'opportunités à l'étranger, s'ouvrir au monde et acquérir de l'expérience",Les mentalités diffèrent. L'administration à l'étranger est nettement plus rapide et flexible.  ,"L'écosystème est bien plus développé à l'étranger. Les opportunités sont plus nombreuses et la concurrence est plus rude. Plus de concurrence, donc plus d'implication dans le travail. En revanche en Tunisie, le territoire est encore vierge donc il peut être plus facile d'avoir de l'impact (et ne pas se faire manger par les grands). "
20-25,Femme,Célibataire,Mastère,ENIT,Etudiant,Autre,Sciences de l'Ingénieur,"La famille, la cuisine tunisienne et le beau temps",+2000Dt,La main d'oeuvre qui n'est pas chère,La liberté,Ça vas dépendre du pays. Mais un grand nombre de pays sont plus tolérants et acceptent plus les libertés individuelles.,Le salaire est plus élevé pour le même poste à l'étranger. Il y a plus de ponctualité et du travail sérieux surtout au secteur public à l'étranger.
20-25,Femme,Célibataire,Ingénieur,INSAT,Etudiant,Autre,Sciences de l'Ingénieur,Des bonnes conditions de travail,plus que 1500DT comme début,Des meilleures conditions,Une bonne opportunité de travail ET de vie,Mentalité et culture,étiques de travail et organisation
20-25,Femme,Célibataire,Ingénieur,INSAT,Etudiant,Grand Tunis,Sciences de l'Ingénieur,ma famille ,2000dt ,rien  ,"experience professionel , civilisation , mentalite , decouverte , salaire  ",mentalite  ,discipline  
20-25,Homme,Célibataire,Ingénieur,ESPRIT,Etudiant,Grand Tunis,Informatique,Famille,8 milles dt,Tourisme,Salaire,Respect,Les opportunités
20-25,Femme,Célibataire,Ingénieur,ENIT,Etudiant,Autre,Sciences de l'Ingénieur,Family,2000 dt,Weather and beaches,"Développement technologique et sociale, discipline, liberté de pensé",Mentalité de travail et d'entraide,"Adhésion au norme, perfection de travail, salaire adapté"
20-25,Homme,Célibataire,Ingénieur,INSAT,Etudiant,Autre,Sciences de l'Ingénieur,"Volonté politique forte d'une intégration réelle des jeunes dans la  vie politique, la prise des décisions, sinon motivation salariale et transparence, égalité sociale, indépendance (pas sur des papiers) ...",3000 DT,Bref ils savent bien qu'ils seront le bienvenu ,Argent et expérience,Rien.,"En tunisie on donne pas confiance aux gens, on prend pas des risques"
20-25,Femme,Célibataire,Ingénieur,INSAT,Etudiant,Autre,Sciences de l'Ingénieur,"Ma famille,
La mer",2000d,La tranquillité,L'argent et l'ouverture d'esprit,Les mentalités arriérées de certaines personnes et certaines lois en Tunisie sont d'un autre siècle,À l'étranger il y a plus d'opportunités dans le domaine des nouvelles technologies et un ingénieur débutant est bien mieux payé
26-30,Femme,Marié,Ingénieur,INSAT,Fonctionnaire,Autre,Biologie industrielle,Paix,4000,Nature,La situation économique actuelle de la Tunisie,Qualité de vie,Les postes proposés sur le marché d'emploi et l'évolution dans la carrière professionnelle
26-30,Homme,Célibataire,Ingénieur,INSAT,Fonctionnaire,Grand Tunis,Sciences de l'Ingénieur,Famille,2500,Situation de devise tunisien et niveau de vie pour un personne étrangère,Niveau de vie et salaire ,Respet de la loi ,"Relation entre les différents supérieur hiérarchique et esprit
"
26-30,Homme,Célibataire,Ingénieur,INSAT,Fonctionnaire,Grand Tunis,Sciences de l'Ingénieur,Travailler,2000dt,Tourisme,Travail,la Culture,Le salaire et les conditions du travail
20-25,Homme,Célibataire,Ingénieur,Esprit,Etudiant,Grand Tunis,Sciences de l'Ingénieur,Une meilleure situation sociale et économique du pays,Aucun,"La sécurité ,la chute du dinars et l'abondance des ressources humaines","Une meilleure opportunité,paye et vie",La maintenace d'une vie humble,Je ne sais pas 
20-25,Homme,Célibataire,Ingénieur,INSAT,Fonctionnaire,Autre,Sciences de l'Ingénieur,La qualité de vie s'il existe,+3000,La qualité de vie s'il existe,La qualité de vie,"l'organisation, niveau de la mentalité, respet, qualité de vie.","respet des employés, l'existance des vrais projets motivants, salaire bien sur"
20-25,Femme,Célibataire,Ingénieur,INSAT,Etudiant,Grand Tunis,Sciences de l'Ingénieur,Si la mentalité et les conditions économiques changent radicalement,5000dt,Rien,"Niveau de vie, salaire, moins de stress, culture, tout!",Professionalisme et mentalité,"Nouvelles technologies, salaires, opportunités de recherche"
20-25,Femme,Célibataire,Ingénieur,ENIT,Etudiant,Grand Tunis,Sciences de l'Ingénieur,"
Ma famille ",3000,Main d'oeuvre pas cher mais très professionnel,"Salaire, Style de vie , sens de satisfaction",style de vie ,"A l’étranger, votre travail est valorisé et vous ressentez de la satisfaction"
20-25,Homme,Célibataire,Ingénieur,ENSI,en chômage,Sfax,Sciences de l'Ingénieur,"Rien, je suis entrain de quitter le pays",Je suis partant quelque soit la condition,"Pour le situation actuelle du pays, rien","Dignité, liberté, argent","Respect, dignité, liberté","L'étranger est plus professionnel en termes de plan de carrière, expérience, expertises techniques, encouragement à l'innovation"
20-25,Femme,Célibataire,Licence,Esstsm,Fonctionnaire,Autre,Kinésithérapie ,Salaire motivant et bonnes conditions de travail ,1400 dinars ,"La situation économique, la chute de Dinar, le climat Méditerrané , bonne qualité de soins dentaires et esthétiques ","Les mauvais conditions de travail qui se ressemblent à l’esclavage, le salaire bas, manque de conscience des gens  ","Le statut des kinésithérapeutes est beaucoup plus important, la difference entre les salaires est énorme, le style de vie est plus beau ","Notre travail est plus apprécié, la conscience des gens est plus forte, les conditions de travail sont moins sévères et bien sûre le salaire est plus motivant même si les coûts de vie à l’étranger sont plus cher "
20-25,Homme,Célibataire,Ingénieur,INSAT,Fonctionnaire,Grand Tunis,Sciences de l'Ingénieur,Rien,5000,Rien,Les avantages en toutes sortes,Le respect ,Le respect 
20-25,Homme,Célibataire,Ingénieur,INSAT,Etudiant,Grand Tunis,Sciences de l'Ingénieur,Famille,Aucun,Le beaup temps et le coût de vie pas cher,Des conditions de vie et de travail décentes,"Les gens sont moins frustrés, moins fainéants et plus civilisés à l'étranger","Les conditions de travail, les salaires et les opportunités/perspectives professionnels"
20-25,Femme,Célibataire,Ingénieur,INSAT,Etudiant,Grand Tunis,Sciences de l'Ingénieur,La famille,2000dt,Tourisme,Vacances,Niveau de vie plus élevé,Meilleures opportunités du travail
20-25,Femme,Célibataire,Mastère,faculté de médecine de Sousse ,Etudiant,Sousse,Médecine,l'attachement émotionnel   ,"5000dt  ;"") ",rien  ,l'espoir pour une meilleure qualité de vie ,ailleurs c'est le paradis ,on trouve de bonnes conditions de travail à l'étranger  et même  des opportunités de recherche    
20-25,Femme,Célibataire,Licence,Université central,Fonctionnaire,Grand Tunis,Optique ,Bon boulot ,3000dt,Rien ,Bon travail ,Le respect,Le respect
20-25,Femme,Célibataire,Ingénieur,INSAT,Fonctionnaire,Autre,Sciences de l'Ingénieur,Rien,100 000,Rien,Tout,Tout,Tout
20-25,Femme,Célibataire,Ingénieur,ENIT,Etudiant,Grand Tunis,Sciences de l'Ingénieur,La famille,4000dt,Le tourisme,Un bon emploi avec un salaire respectable et surtout une bonne expérience ,"En tunisie on se sent chez soi, bien entouré par sa famille et amis ","À l'étranger on trouve plus de choix d'entreprises qui recrutent les ingénieurs, qui donnent valeur à leurs diplômes de grandes études. En conséquent l'ingénieur s'épanouit professionnellement et son rendement est plus important qu'en tunisie, qui offre pour un ingénieur qui a fait de grandes études des années d'attente et puis avec un peu de chance 500dt de salaire dans une entreprise qui les place en bas de l'échelle "
20-25,Femme,Célibataire,Ingénieur,INSAT,Fonctionnaire,Grand Tunis,Sciences de l'Ingénieur,Le fait que ma famille est en Tunisie ,3000,"La motivation des employés, les compétences.. ","Le comportement des employeurs des entreprises en  tunisie (manque de respect...), la baisse du salaire.. ","L'organisation, la digitalisation de tous les services, le respect... ","L'organisation, le professionnalisme, le respect, la motivation... "
20-25,Homme,Célibataire,Ingénieur,INSAT,Etudiant,Grand Tunis,Sciences de l'Ingénieur,omi wo baba,+ 1000 €,chay,leflous,niveau de vie,plus d'opportunité 
20-25,Femme,Célibataire,Ingénieur,INSAT,Etudiant,Grand Tunis,Sciences de l'Ingénieur,Rien ,2500,"Tourisme, climat, monuments, culture ",Meilleure vie ,Mode de vie différent mentalité différente ,Développement technologique
20-25,Femme,Célibataire,Mastère,INSAT,Etudiant,Grand Tunis,Sciences de l'Ingénieur,Ma famille ,1500dt,Le climat ,L'expérience ,Le respect mutuel,Le professionnalisme 
26-30,Homme,Célibataire,Ingénieur,INSAT,Fonctionnaire,Grand Tunis,Sciences de l'Ingénieur,Un bon salaire,4000 dinars,L'argent et la stabilité,La recherche d'une vie plus confortable,Tout depend du pays a l'etranger !! Il faut preciser le pays ou au moins la zone geographique. ,Tout depend du pays a l'etranger !! Il faut preciser le pays ou au moins la zone geographique. 
20-25,Femme,Célibataire,Ingénieur,INAT,Etudiant,Grand Tunis,Agronomie,Un tres bon travail bien payé,2 millions,La culture le sites touristiques et le bas prix,Le bon travail et le niveau de vie,"Barbarisme 
Manque de respect pour la loi
Niveau de vie
Les problemes financieres
Les droits 
La tolerance","Respect
Les droits 
Salaire
Ambition
Encouragement"
20-25,Homme,Célibataire,Licence,INSAT,Etudiant,Grand Tunis,Sciences de l'Ingénieur,Un poste épanouissant,2500,Les faibles charges,Les conditions de vie,"Cosmopolitisme, ouverture d'esprit, progressisme",Un marché du travail plus dynamique et technologiquement avancé et donc avec des carrières introuvable en Tunisie
20-25,Femme,Célibataire,Ingénieur,INSAT,Etudiant,Grand Tunis,Sciences de l'Ingénieur,de bonnes conditions de vie ,3000 dinars,"le climat du pays, les villes et les lieux du pays","améliorer mon niveau de vie, découvrir une nouvelle culture, avoir un salaire plus élèvé, améliorer mes compétences dans mon domaine d'activité",la mentalité ,les compétences
20-25,Homme,Célibataire,Mastère,Faculté de médecine de Monastir,Etudiant,Grand Tunis,Médecine,Une rémunération adéquate à la charge et aux horaires du travail,4000dt,Une meilleure infrastructure et un meilleur management des ressources humaines.,La non concordance entre travail fourni et rémunération,Pouvoir d'achat et libertés individuelles,Le respect des règlements et des institutions
20-25,Homme,Célibataire,Ingénieur,INSAT,Fonctionnaire,Grand Tunis,Sciences de l'Ingénieur,Un bon marché de travail et la possibilité de changer de boulot et de developpement,2000 dinars ,Niveau bas du DT et facilité de decrocher un travail peut etre,Aisance de vie et sécurité finaciere,Ressources et culture de travail surtout,Reconaissance et paiement
20-25,Homme,Célibataire,Ingénieur,INSAT,Etudiant,Grand Tunis,Sciences de l'Ingénieur,"trouver un travail qui me permet de développer mes compétences, d'évoluer et de travailler dans un environnement sain",5000dt,les compétences tunisiennes,"Je peux avoir plus d'opportunités et je rencontre des personnes ayant une solide expérience dans mon domaine
","soutien positif, ils croient en vous, chacun a une chance équivalente de réussir, les gens ont plus de conscience...","travailler sur des projets plus vastes et des sujets plus développés, des conditions de travail spéciales
"
20-25,Homme,Célibataire,Mastère,Université de Montpellier,Etudiant,Autre,Sciences de l'Ingénieur,De bonnes opportunités,2500 ou plus ,De bonnes opportunités pour eux et des inverstissements,Des salaires bas surtout ,Généralement il y'a peu de respect pour l'employé,De meilleurs opportunités et surtout le respect de l'employé
26-30,Homme,Célibataire,Ingénieur,ENSIT,Fonctionnaire,Autre,Sciences de l'Ingénieur,Je sais pas encore,2200,Je sais pas,Les prix des voitures est parfait ausi les belles femmes,Le niveau de vie,les technologies utilisée et surtout les salaires 
20-25,Femme,Célibataire,Ingénieur,INAT,Etudiant,Grand Tunis,Sciences de l'Ingénieur,changement de la situation actuelle de l’État,2 millions,la beaux endroits et les bas prix,"ambition
le niveau de vie","tolerance 
esprit
","salaires
respect
droits
encouragement
pas d'exploitation"
20-25,Femme,Célibataire,Ingénieur,INSAT,Etudiant,Sousse,Sciences de l'Ingénieur,Le terrain économique est vierge.,1 500,Le rythme de vie en Tunisie.,Une meilleure opportunité.,Les Tunisiens sont Chaleureux.,En Tunisie on est fainéant.
20-25,Femme,Célibataire,Ingénieur,INSAT,Etudiant,Grand Tunis,Sciences de l'Ingénieur,la famille,3000,les conditions de travail ,meilleures opportunités,plus de libertés,création de liens sociaux
20-25,Homme,Célibataire,Ingénieur,INSAT,en chômage,Grand Tunis,Sciences de l'Ingénieur,"Sécurité, payment  et environnement de travail dignes ",2000,La culture ,"Lez conditions de travail, de sécurité et de vie sociale",Incomparable ,Incomparable 
20-25,Femme,Célibataire,Ingénieur,INSAT,en chômage,Grand Tunis,Sciences de l'Ingénieur,un bon environnement de travail ,800 dt ,meilleures conditions economiques ainsi que sociales ,le mode de vie ,l'acceptation de l'autre / l'absence de notion de coutumes et traditions,la façon avec laquelle on gère les choses / le concept de professionnalisme /
20-25,Femme,Célibataire,Licence,Tunis Business School,Etudiant,Grand Tunis,Marketing ,Un bon travail ,2000 dt,Un programme d'échange ou une bonne opportunité de travail ,Le travail ,En Tunisie on souffre d'une instabilité sociale et d'un déséquilibre économique ,Le professionnalisme et l'engagement 
26-30,Femme,Marié,Ingénieur,FST,en chômage,Autre,Sciences de l'Ingénieur,Famille,1500,Respect,Liberté,Respect,Sérieux
20-25,Homme,Célibataire,Mastère,ENIT,Etudiant,Grand Tunis,Sciences de l'Ingénieur,la famille ,2000,les gens,le niveau de vie,"le niveau de vie sociale en tunisie est difficile de vivre par rapport au niveau. Si vous etes dans un pays etranger avec le meme metier , la condition sera plus a l'aise
","les societes etrangers font beaucoup d'investissement au niveau humain et sur les competences personnelles. En Tunisie, il y a des societes que "
20-25,Femme,Célibataire,Ingénieur,INSAT,Etudiant,Grand Tunis,Informatique industrielle,Famille,2500 dt,Elle n'est pas cher peut être , les progrès ,La mentalité ,Technologie et ingnieurie 
20-25,Femme,Célibataire,Ingénieur,ENIT,Etudiant,Grand Tunis,Sciences de l'Ingénieur,Un salaire suffisant pour survivre et profiter de la vie comme il faut., Pas moins de 2500 TND ,"Notre richesse est la variété de climat, de nature, de peuple... ",Tomber dans la routine avec un salaire qui me permet de rien faire.,"Ouverture d’esprit et travailler dur. Mais, l'avantage de la société tunisienne est qu'on sache comment profiter et s'amuser.","Respecter le cadre de travail, la ponctualité, le sérieux, le professionnalisme... "
20-25,Femme,Célibataire,Licence,FSEGT,Etudiant,Grand Tunis,informatique de gestion,le fait de sentir que j'ai une chance de faire quelque chose innovante en Tunisie ou d'avoir un tel niveau d'encouragement.,minimum de mille cinque cent dinars,"Les tunisiens, nos coutumes et traditions.",le fait de sentir qu'on est capable et apprécié.,la mentalit,la dtermination et la motivation 
20-25,Femme,Célibataire,Ingénieur,INSAT,Etudiant,Sfax,Sciences de l'Ingénieur,travailler dans mon domaine,1200,les etudes,travailler,l'etranger est plus ouvert et les gens sont est cultive qu'ici et cest la conscience d'être en groupe qui reigne le respect pour les autre et l'environnement mais en tunisie ça n'existe pas mais les gens en tunisie sont plus serviable et ils s'aident entre eux ,à l'étranger il y a embauchement et paiment respectueux donc c'est plus comfortable de travailler dehors de tunisie car il en a plus de chomage ice et même les salaires sont limités
20-25,Femme,Célibataire,Ingénieur,ENSI,Etudiant,Grand Tunis,Sciences de l'Ingénieur,Je compte terminer mes études d'ingénierie en Tunisie,5000dt,Le style de vie méditerranéen ,"La luxure, le confort, l'indépendance",La mentalité,"Le sérieux, le professionnalisme "
31 et plus,Femme,Célibataire,Licence,Faculté de droit ,Fonctionnaire,Autre,Droit,La famille,2000 TND,Juste pour le climat et l'ambiance de la Tunisie,"Travailler (plus d'organisation et meilleur salaire avec un respect de droit de l'homme, meilleur transport....)","Ponctualité, organisation, respect... (ici c'est comme nous sommes des esclaves).","Respect et appréciation des efforts (moral et matériel), spécialité, organisation...   "
20-25,Femme,Célibataire,Ingénieur,ENIT,Etudiant,Grand Tunis,Sciences de l'Ingénieur,une bonne opportunité qui me permettera de me developper ,pas moins de 4000dt,l'ecosystème,les nouvelles experiences / le mode de vie / le niveau de conscience,le niveau de conscience/la montalité,"au secteur privé pas de difference presque. 
pour le secteur etatique, le profesionnalisme , le serieux, la volonté et surtout la motivation bien sur peut etre causé par le niveau de salaire et tout ..."
20-25,Homme,Célibataire,Ingénieur,INSAT,Etudiant,Grand Tunis,Sciences de l'Ingénieur,"un travail ou je me sens respecté par autrui, dont le salaire est généreux ",5000,"leur ignorance du vrai visage de la Tunisie, ou tourisme ","travailler, jouir de la vie, côtoyer des gens plus talentueux, plus hostiles, plus crédibles, plus  honnêtes, plus francs ...","on compare l 'incomparables
 ce qui me fait peur c'est la nouvelle tendance d'indifférence que je trouve chez la communauté envers des faits considéré inacceptables ...","le seul capital qui nous reste , ces nos compétences en ingénierie et en  médecine, et en recherche scientifique ( avec tout mon respect pour les autres secteurs)"
20-25,Femme,Célibataire,Ingénieur,INSAT,Etudiant,Grand Tunis,Sciences de l'Ingénieur,"Un bon boulot où je me sens épanouie, quand je me réveille chaque matin motivée pour aller au travail",1800,"Économiquement parlant, rien.","Plus d'opportunités, une meilleure situation économique et sociale qu'en tunisie..","Je ne sais pas, mais j'imagine qu'il y aurait une différente mentalité",Aucune idée
20-25,Femme,Célibataire,Ingénieur,INSAT,Etudiant,Grand Tunis,Sciences de l'Ingénieur,Un post adéquat,1000 dt+,plusieurs opportunités d'investissement,le manque de moyens et d'emplois,l'organisation,le professionnalisme 
20-25,Femme,Célibataire,Ingénieur,ESSAI,en chômage,Grand Tunis,statistiques ,la famille ,1000dt,Tourisme ,Travail,mode de vie,marché de travail 
26-30,Femme,Célibataire,Licence,FST,en chômage,Grand Tunis,BIOLOGIE,LA FAMILLE,1000-1200,LE TOURISME,LE MANQUE DE MOYEN,LA QUALITE DE VIE, AMATEUR/PROFESSIONNEL
20-25,Homme,Célibataire,Ingénieur,ENIT,Etudiant,Autre,Sciences de l'Ingénieur,La famille ,1800,l'ecosystème et main d'oeuvre,un challenge , La mentalité et le niveau de vie , le profesionnalisme 
20-25,Homme,Célibataire,Ingénieur,EABA,Etudiant,Grand Tunis,Sciences de l'Ingénieur,"Famille, cursus educatif",5000 dt,Les prix ne sont pas trop chères pour eux,Respect de l'etre humain,"Les salaires sont généralement beaucoup moins que à l'étranger dans le même domaine, en effet, un médecin en tunisie est beaucoup moins payé par rapport à un médecin à l'étranger. ","Les marchés en tunisie ne sont pas assez grands comme a l'étranger, "
20-25,Homme,Célibataire,Ingénieur,ENSI,Fonctionnaire,Grand Tunis,Sciences de l'Ingénieur,Meilleurs opportunités ,2500dt/mois,Sécurité économique / facilités en terme de procédure / changement de mentalité,Les conditions financières,Eux ils interdisent pas la vente de l'alcool le vendredi.  ,Facilités en terme de procédure
20-25,Femme,Célibataire,Ingénieur,ENIT,Etudiant,Autre,Sciences de l'Ingénieur,Une bonne opportunité de travail,Un salaire minimale de 1700 TND pour débutant,"Opportunité d'investissement pour certains, et pour d'autres surtout venant de l'Afrique de Sud, travailler en Tunisie est considéré comme une opportunité.",J'ai trouvé la bonne opportunité ailleurs avec un bon salaire dans un pays développé. ,"Ailleurs, un certain niveau de vie et garanti.","Ailleurs, ils savent bien valoriser l'apport humain. "
20-25,Homme,Célibataire,Ingénieur,INSAT,Etudiant,Grand Tunis,Sciences de l'Ingénieur,family maybe,5000d,depreciation of the dinar ,"opportunity, respect, infrastructure",I don't know ,more opportunity for research and development. We are a consumer country that does't encourage innovation 
20-25,Homme,Célibataire,Licence,IPEIM,Etudiant,Autre,Sciences de l'Ingénieur,Le fait que je veux faire du bien à mon pays grâce à la connaissance que je suis en train d'apprendre en tant qu'étudiant tunisien en ingénierie et le fait que je veux changer et participer à améliorer les conditions de travail des ingénieurs précieusement pour qu'on puisse donner le maximum de nos performances.,3500-4000 Dinars,"En fait, les étrangers qui viennent en Tunisie sont généralement des africains. Ils viennent ici car ils trouvent soit les conditions d'étude, soit les conditions de travail meilleures que celles dans leurs pays d'origine.",C'est tout simplement le fait de trouver une offre exceptionnelle de travail à l'étranger après avoir travaillé quelques années en Tunisie.,C'est clair que le salaire pour un ingénieur par exemple en Tunisie est le grand problème qu'il l'affronte. Un salaire satisfaisant vous aide certainement à bien mener votre vie sociale.,"C'est la qualité d'études reçues qui fait la différence au point de vue professionnelle après. Donc à l'étranger, ils ont une certaine avance par rapport à nous vue les excellents études reçues généralement."
20-25,Femme,Célibataire,Ingénieur,INSAT,Etudiant,Grand Tunis,Sciences de l'Ingénieur,ma famille et mes amis,2100 dinars,"l'ambiance, l'atmosphère, l'hospitalité ",la qualité de vie,ils sont plus open minded,"c'est très horizontal, il n'y a pas trop de hiérarchie"
26-30,Femme,Marié,Mastère,isg,en chômage,Grand Tunis,Sciences de l'Ingénieur,mon mari,2500,rien!,un travail bien rémunéré pour mes 4 ans d'expérience,je ne sais pas,je ne sais pas
20-25,Homme,Célibataire,Mastère,EBS,Etudiant,Autre,Economie et gestion,"Meilleur Ease of Business, Liberte Monetaire, Egalite, Taxation plus clair",1800 USD,"Ease of Business, Paradis Fiscal, Meilleur Infrastructure,  Présence de tout document/institution gouvernemental en ANGLAIS","Meilleur Condition de Vie, Vie Social,  Securite, Etude Reconnue","Education, Ignorance, Tradition, Culture, Civilization","Difficulte, Inspecification, Retard dans tous les domaines, Instabilite, Devise compliquee, "
20-25,Homme,Célibataire,Ingénieur,ENSTAB,Etudiant,Grand Tunis,Sciences de l'Ingénieur,"la Tunisie est un pays très joli et très riche culturellement. Le problème, je pense, vient des tunisiens. Donc le changement qui me ferais rester est que les tunisiens deviennent plus civilisés et plus tolérants, moins agressifs.",à partir de 1500 Dt,Mon pays a une culture très riche et un climat meilleur que les pays européens.,"Mis à part le cas extrême mais envisageable, où la situation économique se dégrade encore plus jusqu'à atteindre la situation terrible de la Grèce. je quitterais certainement pour poursuivre mes études.","la Tunisie souffre du manque de la tolérance, du respect du civisme et de la joie de vivre, et subit une dépression nationale: le moral est à plat pour tout le monde affectant ainsi leur quotidien.","les différences majeures sont une bureaucratie archaïque et très souvent handicapante, la surexploitation vs un salaire qui subvient à peine aux besoins vitaux, un retard important au niveau de la digitalisation ... "
26-30,Femme,Célibataire,Ingénieur,INSAT,Fonctionnaire,Autre,Sciences de l'Ingénieur,"des bonnes conditions, Un bon salaire",2000 dt,rien,"les conditions en travail, le salaire motivant et surtout la mentalite","le respect, la paix , la generosite","a l'etranger, Ils sont ponctuelles  et ils encouragent et motivent les autres"
20-25,Femme,Célibataire,Ingénieur,ESSAI,Etudiant,Grand Tunis,Sciences de l'Ingénieur,Un bon travail ,3000,Je sais pas je peux pas penser à rien ,L'organisation de la société et le progrès scientifique,La mortalité de travail le respect des autre,Le progrès scientifique
20-25,Femme,Célibataire,Licence,Iset,Etudiant,Grand Tunis,Informatique(développement),"Un bon travail,respect,civilisme",2000,"Le climat divertissement vacances, la mer","Niveaux de vie à l’étranger plus développer,respect,études ","Respectueuse,développer ",Plus des offres de travail à l’étranger Dans divers domaines 
20-25,Homme,Célibataire,Licence,INSAT,Etudiant,Grand Tunis,Sciences de l'Ingénieur,la famille,5 mille dt,la main d’œuvre n'est pas chère en Tunisie,Le niveau de vie en Tunisie,"En général, ils respectent les humains à l'étranger",Ils ont la possibilité d'innover sans avoir la censure de l'état.
20-25,Femme,Célibataire,Mastère,ENIT,Fonctionnaire,Autre,Sciences de l'Ingénieur,"Meilleur niveau de vie, organisation, respect..","Je veux pas être salariée, je reste en Tunisie si j'arrive à lancer mon propre projet.
Sinon pour répondre à la question, je suppose 5000DT ou plus ","Plus d'ouverture aux idées innovantes, meilleures réglementations, la facilité à faire toutes les procédures administratives, jeunes motivés, main d'oeuvre relativement pas chère","Meilleur niveau de vie, organisation, respect..","Accepter les différences, avoir un esprit ouvert, le respect mutuel entre les gens, se bénéficier de nos droits en prenant compte de nos devoirs et nos responsabilités envers les autres..ce qui malheureusement manque en Tunisie","Meilleures opportunités de travail, meilleur salaire, plus d'appréciation aux initiatives des jeunes, un environnement de travail dynamique et sain, organisation administrative compacte..."
20-25,Femme,Marié,Ingénieur,ENIM,Etudiant,Grand Tunis,Sciences de l'Ingénieur,Les conditions familiales et financières me font rester en Tunisie.,Trois mille dinars.,Les bonnes conditions d'investissements.,"
Le bon niveau de vie, les services d'éducation et de santé sont beaucoup plus mieux.","
La différence réside en la mentalité et la qualité de vie.
En tunisie, beaucoup de saleté dans les rues,  l’irrespect envers les filles, etc. On trouve des administrations qui sont nulles!..
En outre, à l'étranger les services sont beaucoup plus mieux qu'en Tunisie surtout pour les systèmes de santé et c'est de point de vue qualité, accessibilité, efficacité voire égalité. A l'étranger, les systèmes de santé se base principalement sur le critère du respect du droit des patients à l'accès aux soins.","De point de vue études, en Tunisie, il y'a des écoles où on n’apprend pas de grande chose, alors qu'à l'étranger une bonne éducation est bien offerte.

De point de vue travail, à l'étranger, les gens respectent plus le sens du travail; l'horaire etc. A l'étranger, on peut facilement trouver un emploi qui correspond au diplôme d'études obtenu. Aussi, on peut travailler partout sans perdre du respect, il n y a pas de différence entre l'employeur et l'emlpoyé, ou encore entre le dirigeant et l'ouvrier; chacun est respecté par tout le monde!"
20-25,Femme,Célibataire,Ingénieur,ENIT,Etudiant,Grand Tunis,Sciences de l'Ingénieur,Rien,3 milles,Rien,Bonne formation,Niveau de vie médiocre,Opportunité de rebooster ta carière
26-30,Homme,Célibataire,Ingénieur,ENIT,Fonctionnaire,Grand Tunis,Sciences de l'Ingénieur,Salaire,3 milles,"Benifices ( cout de vie , impots,...)",Salaire et mode de vie ,Ouverture d'esprit,Option de carriere
20-25,Homme,Célibataire,Ingénieur,ENIT,Etudiant,Grand Tunis,Sciences de l'Ingénieur,mon sens d'appartenance à ce pays et la volonté de changer positivement les choses,2300 dt / mois,écosystème dynamique et les compétences intellectuelles,vivre des expériences professionnelles plus intéressantes et ramasser un capital pour un futur projet en Tunisie,L'éthique de travail et la mentalité de respect,la reconnaissance morale et rémunération par rapport votre effort
20-25,Femme,Célibataire,Licence,ISSHT,Etudiant,Sfax,"Sciences humaines, psychologie",La famille ,1700dt,Je ne sais pas,"Le respect dans un cadre professionnel et social, la discipline.. ",La mauvaise mentalité qui est malheureusement dominante ces jours.,"Manque de respect, absence d'encouragements en Tunisie"
20-25,Femme,Célibataire,Licence,TBS,Etudiant,Sfax,Economie et gestion,"Des conditions favorables de vie ,  une bonne poste de travail dans une entreprise avec un bon salaire",Plus que 1 million TND,"Des offres de travail satisfaisantes,  un bon traitement,  des conditions de vie confortables","Chômage dans mo pays,  une vie stressante,  mal traitement ","Vie compliqué dans la Tunisie,  mauvais relation entre les gens ,  inflation ","Dans l'étranger les gens sont plus professionnels, un rendement plus effectif,  et avec plus d'honnêteté"
20-25,Femme,Célibataire,Licence,Medecine,Etudiant,Sfax,Médecine,La famille et l'entourage ,3 millions,Tourisme ,"Mode et niveau de vie 
La mentalité 
Des opportunités de travail 
Donner une importance au recherche scientifique ",Beaucoup plus civilisé ,Plus professionnel ponctuel organisé respectueux 
20-25,Femme,Célibataire,Licence,Iseah,Etudiant,Sfax,Sciences humaines et sociales,Mon choix,Je sais pas,Je sais pas ,Le job et le salaire,"La mentalité ,le savoir vivre précisément ",Je sais pas
20-25,Femme,Célibataire,Licence,ISSHT,Etudiant,Grand Tunis,Sciences humaines et sociales,"Plus de liberté et égalité 
",+2000dt,Peut-être qu'elle est meilleur que leur pays d'origine de point de vue économique ou social,Un niveau de vie meilleur,Les libertés individuelles,Champs plus large 
20-25,Femme,Célibataire,Licence,Issht,Etudiant,Sousse,Sciences humaines et sociales,"Participer à la ""reconstruction "" de notre pays 
",Vraiment le salaire n'est  pas important .. ce qui m'intéresse  plus c'est  pratiquer ma profession avec passion ,"La tunisie c'est  une ""wonderland"" 
Ya plein de choses à savoir 
",Explorer d'autres cultures ,La mentalité  des gens,A l'étranger mes gens respectent le temps et volorisent l'être humain beaucoup plus que la tunisie
20-25,Homme,Célibataire,Ingénieur,INSAT,Etudiant,Grand Tunis,Sciences de l'Ingénieur,Un bon salaire,2500dt,Rien,Travailler ,Ce n'est même pas comparable,Smic Tunisie 360dt (110euro)- smic Eu 1400euro
20-25,Homme,Célibataire,Ingénieur,ipeis,Etudiant,Sfax,Sciences de l'Ingénieur,la famille,3000,pratiquement rien,condition de vie favorable,relations froides a l'etranger et surtout le racisme ,formation et experience 
20-25,Femme,Célibataire,Licence,LMD,Etudiant,Grand Tunis,Sciences humaines et sociales,Mes études,1200,Notre atmosphère ,La liberté,Les règles,Les règles aussi
20-25,Femme,Célibataire,Licence,ISSHT,Etudiant,Grand Tunis,Sciences humaines et sociales,"Un emploi où les conditions de travail sont favorables et surtout un bon salaire qui correspond à mon niveau d’étude, mes compétences et mon poste.",A partir de 2500 dinars (en tenant compte que ce montant doit être augmenté en rapport avec mes objectifs dans mon travail),"Un changement de mentalité, un milieu de travail favorable, une vie aisée et surtout des gens qui veulent vraiment travailler pour réaliser le progrès.","Un bon avenir, un bon salaire et surtout vivre dans une société qui respecte l’autre.","La mentalité des gens y compris le respect de la face, chacun se mêle de sa propre vie etc ..","Les offres d’emploi, le salaire, les conditions de travail y compris le respect mutuel entre le patron et les employés, les heures de travail et la qualité et la qualité de ce travail également."
20-25,Homme,Célibataire,Licence,ISG,Fonctionnaire,Grand Tunis,informatique,l'entourage,3500 dt,rien,mes objectifs,la mentalité de respect ,la perfection 
20-25,Femme,Célibataire,Ingénieur,Enicarthage,Fonctionnaire,Grand Tunis,Informatique développement,La famille,2500,Rien,La mentalité,La culture,Le carrière
20-25,Femme,Célibataire,Licence,ISSHT,Etudiant,Sfax,Sciences humaines et sociales,Pas de diplome; pas de moyens financière, 2500 dinars ,Découverte et échange culturel ,Le domaine de recherche car je suis étudiante en sciences humaines et y a pas de moyens pour le domaine de recherche en ces spésialité ,Niveau de vie; sécurité sociale; moyens de divertissement ...,Accés à l'information;salaire; encouragement...
20-25,Femme,Célibataire,Ingénieur,INSAT,Etudiant,Grand Tunis,Sciences de l'Ingénieur,Le travail et la hausse du niveau du dinar Tunisien,2000dt,Le tourisme! Et le peuple Tunisien chaleureux,La mentalité des gens! (There where you can appreciate the fact of being different!!),"La mentalité, ici tu te trouvera au prison juste pour un tout petit bisou :)","there, you get paid for the work you did!"
20-25,Homme,Célibataire,Ingénieur,ENICARTHAGE,Fonctionnaire,Grand Tunis,Sciences de l'Ingénieur,J'ai pas trouvé und opportunité à l'étranger jusqu'à maintenant ,3000 DT net,"L'augmentation de salaire, 
La changement de mentalité des employeurs
La changement de mentalité des collégues
Donner les postes administratifs dans les ministères aux ingénieurs, docteurs, doctorants etc... 
Donner plus d'avantages aux employés etc... ","Salaire, Style de vie, respect
Ils ponsent aux compétences et non pas aux années d'expérience","Organisation, respect",rien
20-25,Femme,Célibataire,Licence,ISSHT,Etudiant,Grand Tunis,Sciences humaines et sociales,La famille  l'ambiance,3500-4000,"Des conditions plus favorables plus d'espaces verts pas de pollution""déchets partout"" récompense morale lorsqu'il fait un bon travail",Des meilleures conditions d'études,Plus ouvert d'esprit l'étranger moins de préjugés moins de tnasniss chacun s'occupe de ses oignons,Plus stricte ponctuelle plus professionnelle respect mutuel entr tout le cadre professionnel
26-30,Homme,Célibataire,Mastère,ESSECT,Etudiant,Autre,Economie et gestion,Mes parents,2000 dinars,Peut-être l'avenir de la Tunisie et non la situation actuelle du pays.,L'acquisition des savoirs et des compétences.,"A l'étranger, il existe une optimisation dans l'exploitation des richesses du pays.","A l'étranger, il existe une meilleure valorisation des compétences."
20-25,Femme,Célibataire,Licence,Issht,Etudiant,Grand Tunis,Sciences humaines et sociales,Mes relations,2000dt minimum,Des opportunités de travail très interessantes,Un opportunité à ne pas rater,La mentalité et le mode de vie,"Le salaire, les conditions de travail"
20-25,Homme,Célibataire,Ingénieur,ENIT,Etudiant,Autre,Sciences de l'Ingénieur,la famille,2000dt,le taux de chaumage et le rapport entre L'EUR/Dollar contre le dinar ,Meilleur condition de vie ,respect ,Respect au ingenieur 
20-25,Homme,Célibataire,Ingénieur,INSAT,Etudiant,Grand Tunis,Sciences de l'Ingénieur,"Un projet innovant, qui garantira mon apprentissage continu",>2000dt,Un salaire de 4000dt?,Des opportunités de travail avec une multinationale,La societe etrangere est generalement meilleur,Same as above
20-25,Homme,Célibataire,Ingénieur,ENIT,Etudiant,Grand Tunis,Sciences de l'Ingénieur,C'est le sentiment d'appartenance à une nation,1500TND,C'est moins cher ,L'aventure,"La crise d'identité pour la majorité des tunisiens
",La valorisation du l'homme
20-25,Femme,Célibataire,Ingénieur,ENIT,Etudiant,Grand Tunis,Sciences de l'Ingénieur,Que les mentalités changent ,5 milles,Le soleil,Tout et surtout les mentalités ,Les mentalités ,L'assiduité et la valeur du travail 
20-25,Homme,Célibataire,Licence,Issht,Etudiant,Grand Tunis,Sciences humaines et sociales,Rien,2500,Niveau de vie,Socio-economique,Tolérance,Professionalisme
20-25,Femme,Célibataire,Ingénieur,INSAT,Fonctionnaire,Grand Tunis,Sciences de l'Ingénieur,mes parents,à partir de 1500dt/mois,"investir en Tunisie, main d'oeuvre à bas coût, tourisme à bas prix  ",le travail,une meilleur mode et niveau de vie à l'étranger,les étrangers sont plus professionnels 
20-25,Homme,Célibataire,Ingénieur,ESSAI,Etudiant,Grand Tunis,Sciences de l'Ingénieur,"un bon salaire, moins de tracasserie administrative en occurrence avec la police",3000,la qualité de l'enseignement,"le travail, le salaire, le cadre de vie",la société,"plus d'application, plus de possibilité à l'etranger"
20-25,Homme,Célibataire,Ingénieur,ENIT,Etudiant,Autre,Sciences de l'Ingénieur,L’amélioration des contions économique ,2000dt,Les basses salaries des ingénieur ainsi les techniciens ,le manque de respect des ingénieur en Tunisie,Manque de respect de Loi  ,respect 
20-25,Homme,Célibataire,Ingénieur,ENIT,Etudiant,Autre,Sciences de l'Ingénieur,ma famille  ,2000 DT,la chute de notre monnaies par par-apport à l'euro et au dollar,la situation économique,tout dépend qu'est ce que on veut dire par l’étranger ,ponctualité et  discipline 
26-30,Homme,Célibataire,Ingénieur,INSAT,Fonctionnaire,Grand Tunis,mathématique appliquée,6k tnd/mois + facilité de voyage/obtention visa,6k tnd net,tourisme,un contrat/des études,"à l'étranger, l'amalgame culturel est plus flagrant. En Tunisie, on n'a qu'une seule couleur, le tunisien",La culture est plus développée à l'étranger qu'en Tunisie
31 et plus,Homme,Marié,Mastère,ENSI,Fonctionnaire,Grand Tunis,Sciences de l'Ingénieur,Un bon salaire ,5000,Un bon salaire ,Un mauvais salaire ,Incomparable ,Incomparable 
31 et plus,Femme,Marié,Mastère,FST,Fonctionnaire,Grand Tunis,Sciences de l'Ingénieur,salaire,4000,Rien,L'argent,Séloigner de la famille,Evolution professionnelle ou Source d'argent
26-30,Femme,Marié,Ingénieur,INSAT,Fonctionnaire,Grand Tunis,Sciences de l'Ingénieur,La famille,2500 dinars,"Le salaire, environnement, développement humaine et technique","salaire, motivation ..","nos traditions, la famille, la langue..","Les compétences techniques , le niveau de vie.."
20-25,Homme,Célibataire,Mastère,ISSATM,Etudiant,Autre,Telecommunication,education,1500 dt et plus,les grands projets,chômage,Manque de conscience,manque de responsabilité
20-25,Homme,Célibataire,Mastère,Issat Mateur,Etudiant,Autre,Reseaux et telecommunications,Un bon travail avec une bonne salaire,1500,L'investissement et salaire bas des ouvriers,"Poste dans ma domaine ,bonne salaire","Culture ,environnement noble","La desipline ,le respect de l'ouvrier en tand que être humain"
20-25,Homme,Célibataire,Mastère,ISSAT Mateur,Etudiant,Grand Tunis,réseau télécommunication,un bon salaire qui sert à assurer une bonne vie,à partir de 800 dinars,rien,les conditions favorables de travail,le respect de l’être humain,le salaire
26-30,Femme,Célibataire,Ingénieur,INSAT,Fonctionnaire,Grand Tunis,Sciences de l'Ingénieur,Une bonne opportunité ,3000 par mois,Le prix de la main d'œuvre ,Travail / master de recherche souhaité ,La stabilité ,La demande continue du marché de travail 
20-25,Homme,Célibataire,Mastère,ISSAT,Etudiant,Grand Tunis,Réseaux et Télécommunication,l'étude et ma famille,1.500 DT,le travail,Les devises,"Les Droits et Libertés, de plus il n'y a pas de distinction entre les gens.",La conscience professionnelle
20-25,Homme,Célibataire,Ingénieur,ISI,Etudiant,Autre,Sciences de l'Ingénieur,la famille ,pas question de salaire c question de mentalité,Le cout du main d'oeuvre et du dinar ,La mentalité peut être ,tu as plus de respect peut être,tu as plus de chance de réaliser tes rêves peut être 
20-25,Homme,Célibataire,Ingénieur,ISI,Etudiant,Grand Tunis,Sciences de l'Ingénieur,si on change tout la Tunisie,2500 TND,le coût faible de l'éducation et bien sur avec augmentation de LEURO le coût sera moindre.,"une autre mentalité , un pays propre , un environnement qui connait mon valeur et me respect , un pays sécurisé .....
",je sais pas ,je sais pas
20-25,Femme,Célibataire,Ingénieur,Isi,Etudiant,Grand Tunis,Sciences de l'Ingénieur,Mes études,4000dt,"Les citoyens sont accueillants et accepte les autres quelquesoit leurs traditions, cultures ..",Je ne veux pas partir à l’etranger,  la mentalité ,"Les tunisiens sont plus professionnels , la preuve qu’il est facile de trouver un emploi à l’étranger vu le nombre enorme des offres d’emploi que ce dernier propose aux tunisiens"
20-25,Femme,Célibataire,Ingénieur,ISI,Etudiant,Grand Tunis,Sciences de l'Ingénieur,Ma famille,2000,Oui,La qualité de vie ,La discipline ,Le travail collaboratif dans le vrai sens du mot 
20-25,Homme,Célibataire,Ingénieur,Isi,Etudiant,Grand Tunis,Informatique,Je veux mieux voir la Tunisie,ça ne m'intéresse pas,Tourisme,la stabilité et l'environnement,Comme la différence entre le ciel et la terre,Expérience et méthodologie
